TRUE_STRESS,PLASTIC_STRAIN
384.9956309531467,0.0
390.55745889183567,6.225214197333115e-05
396.11928683052463,0.00012450428394666316
400.7459030863321,0.00019310366251548954
403.7592417167498,0.00027265227853504655
406.7725803471675,0.00035220089455460356
409.78591897758525,0.00043174951057416014
412.79925760800296,0.0005112981265937176
415.8125962384207,0.0005908467426132742
417.9152645671314,0.0006765760340576889
419.8429122703169,0.0007634931820479892
421.7705599735024,0.0008504103300382895
423.6982076766879,0.0009373274780285902
425.62585537987337,0.001024244626018891
427.5535030830589,0.0011111617740091908
429.4811507862444,0.0011980789219994915
430.83137186016586,0.001288915036678901
432.1400423238884,0.0013800331533461454
433.4487127876109,0.001471151270013391
434.7573832513335,0.0015622693866806357
436.06605371505606,0.00165338750334788
437.3747241787786,0.001744505620015125
438.6833946425011,0.0018356237366823703
439.8578177447917,0.0019276529837182013
440.7737946263208,0.002021436292791976
441.6897715078499,0.0021152196018657515
442.605748389379,0.002209002910939527
443.5217252709081,0.0023027862200133017
444.4377021524372,0.002396569529087077
445.35367903396633,0.0024903528381608527
446.2696559154954,0.0025841361472346276
447.1856327970245,0.002677919456308403
448.0343316160189,0.0027721593783484304
448.82807370107895,0.0028667722890916387
449.6218157861391,0.002961385199834845
450.4155578711992,0.0030559981105780527
451.2092999562593,0.00315061102132126
452.0030420413195,0.0032452239320644666
452.7967841263796,0.003339836842807674
453.5905262114397,0.003434449753550882
454.3452878780695,0.003529327222514326
455.0013524087441,0.00362487454418029
455.6574169394187,0.0037204218658462534
456.3134814700933,0.0038159691875122178
456.9695460007679,0.003911516509178181
457.6256105314425,0.004007063830844145
458.2816750621171,0.0041026111525101095
458.9377395927917,0.004198158474176072
459.5938041234663,0.0042937057958420365
460.2105510341914,0.004389519964298689
460.80868110924,0.004485460484321366
461.4068111842884,0.004581401004344048
462.0049412593369,0.004677341524366727
462.6030713343854,0.0047732820443894056
463.2012014094339,0.004869222564412086
463.7993314844824,0.004965163084434765
464.3974615595309,0.005061103604457443
464.9865606107916,0.005157105417603091
465.54905851989054,0.005253287771417875
466.1115564289895,0.005349470125232658
466.6740543380884,0.005445652479047443
467.2365522471873,0.005541834832862226
467.7990501562862,0.005638017186677009
468.3615480653852,0.005734199540491794
468.9240459744841,0.0058303818943065775
469.486543883583,0.0059265642481213625
470.027714380336,0.006022891350055324
470.54685379580496,0.006119367975875612
471.06599321127385,0.006215844601695901
471.5851326267428,0.006312321227516193
472.1042720422117,0.006408797853336482
472.6234114576806,0.006505274479156772
473.1425508731496,0.006601751104977061
473.6616902886184,0.006698227730797351
474.1808297040874,0.00679470435661764
474.6845883091171,0.006891285371256713
475.1868176327501,0.006987876765054883
475.689046956383,0.007084468158853054
476.1912762800159,0.0071810595526512234
476.6935056036489,0.007277650946449393
477.1957349272818,0.007374242340247564
477.6979642509148,0.0074708337340457336
478.2001935745477,0.007567425127843903
478.7024228981806,0.007664016521642074
479.2082893503406,0.007760583230424315
479.7141860430154,0.007857149733965639
480.2200827356901,0.007953716237506965
480.7259794283649,0.00805028274104829
481.2318761210397,0.008146849244589614
481.7377728137144,0.00824341574813094
482.2436695063892,0.008339982251672264
482.749566199064,0.00843654875521359
483.2452708647329,0.00853318443155074
483.7271550913817,0.008629913906541093
484.2090393180305,0.00872664338153145
484.6909235446793,0.008823372856521803
485.17280777132817,0.008920102331512155
485.65469199797695,0.00901683180650251
486.1365762246258,0.009113561281492863
486.6184604512746,0.009210290756483218
487.1003446779234,0.009307020231473572
487.5748986955159,0.009403799456239325
488.04274601908304,0.00950062419901403
488.51059334265017,0.009597448941788737
488.9784406662173,0.00969427368456344
489.4462879897844,0.009791098427338146
489.9141353133516,0.00988792317011285
490.3819826369187,0.009984747912887556
490.84982996048586,0.010081572655662261
491.317677284053,0.010178397398436966
491.78182813353953,0.010275247229003012
492.2437883235944,0.010372111927468983
492.70574851364927,0.010468976625934958
493.16770870370414,0.010565841324400931
493.629668893759,0.010662706022866906
494.0916290838138,0.010759570721332878
494.5535892738688,0.010856435419798851
495.0155494639236,0.010953300118264826
495.47690570180345,0.011050168915725087
495.9315999144571,0.011147082928029314
496.3862941271107,0.011243996940333543
496.8409883397644,0.01134091095263777
497.2956825524181,0.011437824964941997
497.7503767650717,0.011534738977246226
498.2050709777253,0.011631652989550453
498.65976519037895,0.01172856700185468
499.11445940303264,0.011825481014158909
499.568670438162,0.011922398305765693
500.0089967389271,0.012019409832395082
500.4493230396922,0.012116421359024472
500.88964934045725,0.012213432885653864
501.3299756412224,0.012310444412283253
501.7703019419874,0.012407455938912642
502.2106282427525,0.01250446746554203
502.6509545435176,0.01260147899217142
503.0912808442827,0.01269849051880081
503.5275820331351,0.012795529363670661
503.9599198328936,0.012892595107871174
504.3922576326521,0.012989660852071686
504.82459543241055,0.013086726596272198
505.256933232169,0.013183792340472712
505.6892710319275,0.013280858084673225
506.12160883168593,0.01337792382887374
506.5539466314444,0.013474989573074254
506.9780124630122,0.013572111458724
507.3935551327135,0.013669291190662344
507.8090978024147,0.013766470922600688
508.224640472116,0.013863650654539036
508.6401831418172,0.01396083038647738
509.05572581151847,0.014058010118415724
509.4712684812197,0.014155189850354069
509.88681115092095,0.014252369582292413
510.29520430305934,0.014349597837661704
510.6998787628184,0.01444685133161686
511.1045532225775,0.014544104825572012
511.5092276823366,0.014641358319527165
511.9139021420957,0.014738611813482318
512.3185766018547,0.014835865307437473
512.7232510616138,0.014933118801392625
513.1379889480693,0.015030303995356056
513.5722915645129,0.01512735640444047
514.0065941809564,0.015224408813524885
514.4408967974001,0.0153214612226093
514.8751994138437,0.015418513631693715
515.3095020302873,0.015515566040778129
515.7438046467308,0.015612618449862548
516.1781072631745,0.015709670858946964
516.6060448417894,0.015806766467236198
517.0310803439925,0.015903881771778098
517.4561158461955,0.016000997076320002
517.8811513483986,0.016098112380861906
518.3061868506015,0.01619522768540381
518.7312223528046,0.016292342989945714
519.1562578550077,0.016389458294487614
519.561055193262,0.016486710954472347
519.9327755417337,0.016584188106391746
520.3044958902054,0.016681665258311152
520.6762162386772,0.016779142410230555
521.0479365871489,0.016876619562149957
521.4196569356207,0.016974096714069357
521.7913772840925,0.01707157386598876
522.1630976325642,0.017169051017908162
522.5438133000334,0.01726646711903129
522.925440899858,0.01736387703091349
523.3070684996826,0.01746128694279569
523.6886960995072,0.017558696854677893
524.0703236993318,0.017656106766560094
524.4519512991563,0.017753516678442292
524.8335788989809,0.017850926590324497
525.231365445665,0.017948226832213553
525.6495608913569,0.01804538855988917
526.0677563370489,0.01814255028756478
526.4859517827409,0.018239712015240394
526.9041472284329,0.01833687374291601
527.3223426741248,0.018434035470591623
527.7405381198167,0.018531197198267235
528.1515705158989,0.018628407541215145
528.5222921295061,0.018725891471499913
528.8930137431132,0.018823375401784682
529.2637353567204,0.018920859332069453
529.6344569703275,0.019018343262354225
530.0051785839347,0.019115827192638993
530.3759001975418,0.01921331112292376
530.746621811149,0.01931079505320853
531.1150849290012,0.019408294311795082
531.4737752611784,0.019505859897806767
531.8324655933557,0.019603425483818448
532.1911559255328,0.01970099106983013
532.5498462577101,0.01979855665584181
532.9085365898873,0.01989612224185349
533.2672269220645,0.019993687827865175
533.6259172542417,0.020091253413876856
533.987761630209,0.020188797593545423
534.3519914407525,0.020286325583384546
534.7162212512959,0.020383853573223674
535.0804510618394,0.020481381563062798
535.4446808723828,0.020578909552901925
535.8089106829264,0.02067643754274105
536.1731404934698,0.020773965532580176
536.539766021209,0.020871477262802213
536.9121163146871,0.020968950139315237
537.2844666081653,0.021066423015828253
537.6568169016435,0.021163895892341276
538.0291671951217,0.021261368768854295
538.4015174885999,0.021358841645367315
538.773867782078,0.021456314521880335
539.1381338257195,0.02155384226580717
539.4690150656965,0.02165159659078665
539.7998963056734,0.021749350915766134
540.1307775456505,0.021847105240745613
540.4616587856275,0.021944859565725096
540.7925400256045,0.022042613890704575
541.1234212655814,0.022140368215684054
541.4543025055585,0.022238122540663537
541.7854055208383,0.022335875360464733
542.1165777438495,0.022433627710556393
542.4477499668607,0.02253138006064805
542.778922189872,0.022629132410739706
543.1100944128832,0.022726884760831366
543.4412666358945,0.022824637110923026
543.7724388589057,0.022922389461014683
544.1036110819169,0.023020141811106343
544.4433414730773,0.02311783607732345
544.7848408006068,0.023215518337854717
545.1263401281365,0.02331320059838599
545.467839455666,0.02341088285891726
545.8093387831956,0.02350856511944853
546.1508381107252,0.023606247379979798
546.4923374382547,0.023703929640511066
546.8389035052409,0.023801577513325962
547.1928411189326,0.023899175355808825
547.5467787326244,0.023996773198291695
547.9007163463161,0.024094371040774557
548.2546539600079,0.024191968883257423
548.6085915736998,0.024289566725740286
548.9625291873915,0.02438716456822315
549.3164668010833,0.024484762410706018
549.6510207018513,0.024582491809513805
549.9814061830979,0.024680249499183883
550.3117916643444,0.02477800718885396
550.642177145591,0.02487576487852404
550.9725626268375,0.024973522568194118
551.302948108084,0.0250712802578642
551.6333335893306,0.02516903794753428
551.9604773015074,0.025266817638934715
552.2482542197946,0.025364864510867
552.5360311380819,0.02546291138279928
552.8238080563691,0.025560958254731564
553.1115849746564,0.02565900512666385
553.3993618929436,0.025757051998596136
553.6871388112309,0.02585509887052842
553.9749157295181,0.0259531457424607
554.2840635468359,0.026051047571131778
554.6036621159362,0.026148878471054442
554.9232606850366,0.026246709370977114
555.2428592541368,0.026344540270899778
555.5624578232371,0.026442371170822446
555.8820563923374,0.026540202070745113
556.2016549614376,0.026638032970667778
556.5190242106702,0.026735879000876893
556.8172801347594,0.0268338547523021
557.1155360588485,0.026931830503727307
557.4137919829377,0.027029806255152514
557.7120479070269,0.02712778200657772
558.0103038311161,0.027225757758002928
558.3085597552052,0.027323733509428138
558.6068156792944,0.02742170926085334
558.8951549261155,0.027519752316288986
559.1794640936366,0.027617822723678506
559.4637732611577,0.02771589313106802
559.7480824286788,0.02781396353845754
560.0323915961999,0.027912033945847053
560.316700763721,0.028010104353236576
560.6010099312421,0.02810817476062609
560.8854060870971,0.028206244577629984
561.1702756868305,0.028304311181393104
561.4551452865638,0.028402377785156217
561.7400148862972,0.028500444388919337
562.0248844860306,0.02859851099268245
562.309754085764,0.02869657759644557
562.5946236854973,0.02879464420020869
562.8794932852306,0.028892710803971804
563.1827473612183,0.028990652633181093
563.4979990219875,0.02908851303536099
563.8132506827568,0.02918637343754089
564.1285023435261,0.029284233839720796
564.4437540042953,0.02938209424190069
564.7590056650646,0.029479954644080594
565.0742573258339,0.02957781504626049
565.3775409368199,0.029675756675017168
565.6625612200851,0.02977382225609842
565.9475815033503,0.029871887837179673
566.2326017866155,0.02996995341826093
566.5176220698808,0.030068018999342177
566.802642353146,0.030166084580423434
567.0876626364111,0.03026415016150468
567.3726829196763,0.03036221574258594
567.6465205291406,0.03046035721993505
567.9101166462726,0.030558568205798765
568.1737127634048,0.030656779191662483
568.437308880537,0.030754990177526195
568.700904997669,0.030853201163389916
568.9645011148011,0.03095141214925364
569.2280972319332,0.031049623135117353
569.4916933490654,0.031147834120981075
569.7628218058511,0.03124599398521877
570.0355859123961,0.031344142748380426
570.3083500189409,0.03144229151154208
570.5811141254858,0.031540440274703735
570.8538782320308,0.03163858903786539
571.1266423385756,0.03173673780102705
571.3994064451205,0.03183488656418871
571.6721705516654,0.03193303532735036
571.9350224601834,0.03203125136412206
572.1952828179213,0.03212948498962394
572.4555431756593,0.03222771861512581
572.7158035333973,0.03232595224062768
572.9760638911353,0.03242418586612956
573.2363242488732,0.032522419491631434
573.4965846066111,0.03262065311713331
573.756844964349,0.03271888674263518
574.0443693068835,0.03281693532878693
574.3337150487749,0.03291497155318905
574.6230607906663,0.03301300777759118
574.9124065325576,0.033111044001993314
575.201752274449,0.03320908022639545
575.4910980163403,0.033307116450797584
575.7804437582316,0.033405152675199716
576.0388200105764,0.03350339908803404
576.2871987751092,0.03360171335333606
576.535577539642,0.033700027618638086
576.7839563041748,0.03379834188394011
577.0323350687075,0.03389665614924214
577.2807138332404,0.03399497041454416
577.5290925977731,0.03409328467984618
577.777471362306,0.034191598945148206
578.0149907407497,0.03428998691257997
578.2488048674002,0.03438840002737699
578.4826189940505,0.034486813142174014
578.716433120701,0.03458522625697103
578.9502472473514,0.03468363937176805
579.1840613740019,0.03478205248656507
579.4178755006524,0.034880465601362085
579.6564248058806,0.03497884657873043
579.9098310428654,0.035077126722819346
580.1632372798503,0.03517540686690827
580.4166435168352,0.03527368701099718
580.67004975382,0.0353719671550861
580.9234559908048,0.03547024729917502
581.1768622277896,0.035568527443263935
581.4302684647744,0.035666807587352856
581.6818973564216,0.035765099794198875
581.9309715673292,0.03586340933953989
582.1800457782368,0.0359617188848809
582.4291199891445,0.036060028430221915
582.6781942000522,0.03615833797556293
582.9272684109599,0.036256647520903934
583.1763426218675,0.03635495706624495
583.4254168327752,0.036453266611585954
583.6611727332131,0.036551666547657916
583.8925233625946,0.036650096382092115
584.1238739919761,0.0367485262165263
584.3552246213577,0.03684695605096049
584.5865752507392,0.036945385885394685
584.8179258801207,0.03704381571982888
585.0492765095023,0.03714224555426308
585.2797728801969,0.03724068118650978
585.5024466476999,0.037339169910387146
585.7251204152029,0.0374376586342645
585.9477941827059,0.03753614735814186
586.170467950209,0.037634636082019224
586.393141717712,0.037733124805896585
586.615815485215,0.03783161352977395
586.8384892527181,0.03793010225365131
587.0678439044357,0.03802854563468966
587.3053193008965,0.03812693390062502
587.5427946973573,0.03822532216656039
587.7802700938181,0.03832371043249575
588.0177454902789,0.03842209869843111
588.2552208867397,0.03852048696436648
588.4926962832005,0.03861887523030184
588.7301716796613,0.038717263496237206
588.9632491862268,0.03881568161043922
589.193895777979,0.03891411622314286
589.4245423697313,0.03901255083584649
589.6551889614836,0.03911098544855012
589.8858355532359,0.039209420061253754
590.1164821449883,0.039307854673957386
590.3471287367405,0.039406289286661025
590.5777753284927,0.03950472389936466
590.8032318352962,0.03960319373692457
591.0237199315766,0.03970169729484713
591.2442080278571,0.039800200852769675
591.4646961241375,0.03989870441069224
591.6851842204179,0.03999720796861479
591.9056723166983,0.04009571152653734
592.1261604129787,0.0401942150844599
592.3466485092591,0.04029271864238245
592.5610089590153,0.040391263788346496
592.7729390124737,0.040489825429293004
592.9848690659321,0.040588387070239526
593.1967991193906,0.04068694871118604
593.4087291728489,0.040785510352132556
593.6206592263073,0.04088407199307908
593.8325892797657,0.040982633634025586
594.0445193332241,0.04108119527497211
594.2484860880618,0.04117981096244237
594.4518276975941,0.041278430892743675
594.6551693071265,0.04137705082304498
594.8585109166588,0.04147567075334628
595.061852526191,0.04157429068364759
595.2651941357234,0.0416729106139489
595.4685357452557,0.041771530544250195
595.6740473030745,0.04187013574721712
595.8924117287002,0.04196865371839
596.1107761543258,0.042067171689562886
596.3291405799514,0.04216568966073577
596.547505005577,0.042264207631908655
596.7658694312026,0.04236272560308155
596.9842338568283,0.042461243574254424
597.2025982824539,0.042559761545427316
597.419261411746,0.04265829106321637
597.629215618059,0.04275686611414219
597.8391698243721,0.04285544116506801
598.0491240306852,0.042954016215993825
598.2590782369983,0.04305259126691964
598.4690324433114,0.04315116631784545
598.6789866496244,0.04324974136877127
598.8889408559376,0.04334831641969709
599.0935666148115,0.04344692763453873
599.2835249422426,0.04354563839653031
599.4734832696737,0.04364434915852189
599.6634415971048,0.04374305992051347
599.8533999245359,0.04384177068250505
600.043358251967,0.04394048144449663
600.2333165793981,0.04403919220648821
600.4232749068292,0.04413790296847979
600.6131637316112,0.04423661420218249
600.8027176283479,0.04433532770902569
600.9922715250847,0.04443404121586889
601.1818254218215,0.0445327547227121
601.3713793185583,0.04463146822955529
601.5609332152951,0.0447301817363985
601.7504871120318,0.04482889524324169
601.9400410087686,0.0449276087500849
602.1369462389117,0.045026272363782746
602.3392026980472,0.045124899658947476
602.5414591571828,0.0452235269541122
602.7437156163184,0.045322154249276915
602.9459720754539,0.04542078154444164
603.1482285345895,0.045519408839606354
603.3504849937251,0.04561803613477108
603.5527414528607,0.04571666342993581
603.7572524123042,0.04581527542391564
603.9629162931194,0.045913879593073734
604.1685801739347,0.04601248376223182
604.37424405475,0.04611108793138991
604.5799079355653,0.046209692100548004
604.7855718163805,0.04630829626970608
604.9912356971959,0.046406900438864175
605.1968995780111,0.04650550460802226
605.3779329272735,0.04660427594341031
605.5566944090166,0.04670306269785365
605.7354558907598,0.046801849452297005
605.9142173725029,0.046900636206740356
606.0929788542461,0.0469994229611837
606.2717403359892,0.04709820971562705
606.4505018177323,0.0471969964700704
606.6273232331217,0.04729579639165054
606.7950279597216,0.047394658187757885
606.9627326863214,0.04749351998386522
607.1304374129212,0.047592381779972576
607.2981421395211,0.047691243576079914
607.465846866121,0.04779010537218726
607.6335515927208,0.04788896716829461
607.8012563193206,0.04798782896440195
607.9722013150595,0.0480866687689589
608.1516092674468,0.04818545113583716
608.3310172198342,0.048284233502715414
608.5104251722214,0.04838301586959367
608.6898331246088,0.04848179823647193
608.869241076996,0.048580580603350194
609.0486490293833,0.04867936297022845
609.2280569817707,0.04877814533710671
609.4176700746252,0.04887685844218871
609.6156709281425,0.04897551461994356
609.8136717816599,0.04907417079769841
610.0116726351772,0.04917282697545325
610.2096734886944,0.049271483153208104
610.4076743422117,0.049370139330962945
610.6056751957291,0.04946879550871779
610.8036760492464,0.04956745168647264
610.973520054985,0.049666298963395625
611.1374670937619,0.04976518626274903
611.3014141325389,0.04986407356210243
611.4653611713157,0.04996296086145583
611.6293082100927,0.050061848160809226
611.7932552488697,0.050160735460162635
611.9572022876466,0.05025962275951604
612.1206259185743,0.050358513611213275
612.2826689348817,0.050457413833075365
612.444711951189,0.050556314054937455
612.6067549674964,0.050655214276799546
612.7687979838038,0.050754114498661636
612.9308410001112,0.050853014720523726
613.0928840164185,0.050951914942385816
613.2549270327258,0.051050815164247906
613.4234525564932,0.051149671389644456
613.5969761962307,0.05124849369306892
613.7704998359682,0.0513473159964934
613.9440234757056,0.05144613829991787
614.1175471154431,0.051544960603342335
614.2910707551806,0.05164378290676681
614.4645943949181,0.05174260521019127
614.6381180346556,0.05184142751361575
614.8153614014831,0.051940224571431826
614.9989722449467,0.05203897841349101
615.1825830884104,0.052137732255550205
615.366193931874,0.052236486097609384
615.5498047753377,0.05233523993966858
615.7334156188014,0.05243399378172777
615.9170264622651,0.05253274762378695
616.1006373057287,0.052631501465846144
616.2481147475237,0.05273050054356009
616.3884239393598,0.05282954827184086
616.5287331311958,0.05292859600012162
616.6690423230319,0.053027643728402386
616.809351514868,0.05312669145668315
616.9496607067042,0.05322573918496391
617.0899698985403,0.05332478691324468
617.2421339662977,0.053423754183054215
617.4011688828903,0.05352267482074402
617.5602037994828,0.05362159545843383
617.7192387160753,0.053720516096123626
617.8782736326677,0.05381943673381343
618.0373085492603,0.05391835737150323
618.1963434658528,0.05401727800919304
618.3553783824453,0.05411619864688284
618.5200741672228,0.05421508086453324
618.6882474220542,0.054313939480762075
618.8564206768858,0.0544127980969909
619.0245939317174,0.05451165671321973
619.192767186549,0.05461051532944856
619.3609404413805,0.05470937394567739
619.5291136962121,0.05480823256190622
619.6972869510436,0.054907091178135047
619.8725464102494,0.05500590170063649
620.052294174379,0.05510468176122883
620.2320419385085,0.05520346182182119
620.411789702638,0.05530224188241354
620.5915374667676,0.05540102194300589
620.7712852308971,0.05549980200359824
620.9510329950266,0.055598582064190584
621.1307807591561,0.05569736212478294
621.2855747391718,0.05579631154550479
621.4331088424723,0.05589531023865984
621.5806429457729,0.05599430893181488
621.7281770490735,0.05609330762496992
621.875711152374,0.05619230631812497
622.0232452556746,0.056291305011280005
622.1707793589751,0.05639030370443505
622.3183134622757,0.0564893023975901
622.4608404468872,0.05658833507381823
622.5973436591192,0.05668740863309905
622.7338468713513,0.056786482192379854
622.8703500835832,0.056885555751660676
623.0068532958152,0.05698462931094149
623.1433565080472,0.0570837028702223
623.2798597202792,0.05718277642950311
623.4163629325112,0.05728184998878392
623.5604014679867,0.057380872406189234
623.7064198642565,0.057479881386374804
623.8524382605265,0.05757889036656038
623.9984566567964,0.057677899346745956
624.1444750530663,0.057776908326931525
624.2904934493363,0.057875917307117095
624.4365118456062,0.057974926287302664
624.5845253871308,0.058073921726533605
624.7452302294055,0.05817283103051833
624.9059350716801,0.05827174033450306
625.0666399139548,0.058370649638487766
625.2273447562294,0.058469558942472494
625.3880495985042,0.05856846824645722
625.5487544407788,0.05866737755044195
625.7094592830534,0.058766286854426676
625.866150403198,0.05886522339934994
626.0017931956976,0.05896430279825799
626.1374359881971,0.05906338219716604
626.2730787806967,0.059162461596074085
626.4087215731962,0.05926154099498214
626.5443643656957,0.05936062039389017
626.6800071581953,0.05945969979279822
626.8156499506948,0.059558779191706275
626.9472368506996,0.05965788611776111
627.071403124889,0.05975704340724551
627.1955693990783,0.05985620069672993
627.3197356732677,0.059955357986214354
627.4439019474571,0.06005451527569877
627.5680682216465,0.06015367256518319
627.6922344958359,0.060252829854667594
627.8164007700253,0.06035198714415201
627.9449865725414,0.06045111443851079
628.0885501202847,0.06055014007963494
628.232113668028,0.06064916572075909
628.3756772157712,0.06074819136188323
628.5192407635145,0.06084721700300738
628.6628043112578,0.06094624264413154
628.8063678590009,0.06104526828525569
628.9499314067442,0.061144293926379836
629.0965041321278,0.061243299144360434
629.2511621842235,0.06134224948761853
629.4058202363193,0.06144119983087662
629.5604782884151,0.061540150174134715
629.7151363405109,0.061639100517392804
629.8697943926065,0.06173805086065089
630.0244524447023,0.061837001203908976
630.1791104967981,0.06193595154716707
630.327863272603,0.06203494196925059
630.4702980557055,0.06213397527124593
630.6127328388079,0.06223300857324126
630.7551676219103,0.0623320418752366
630.8976024050128,0.06243107517723193
631.0400371881152,0.06253010847922728
631.1824719712176,0.06262914178122263
631.32490675432,0.06272817508321794
631.4551761300705,0.06282729095124637
631.5653348572458,0.06292654330927692
631.6754935844212,0.06302579566730748
631.7856523115966,0.06312504802533801
631.895811038772,0.06322430038336857
632.0059697659473,0.06332355274139913
632.1161284931227,0.06342280509942969
632.2262872202981,0.06352205745746023
632.3569121107915,0.06362117091262721
632.4938911379487,0.06372024124257508
632.6308701651059,0.06381931157252295
632.767849192263,0.0639183819024708
632.9048282194202,0.06401745223241867
633.0418072465774,0.06411652256236652
633.1787862737345,0.06421559289231438
633.3157653008917,0.06431466322226224
633.460452647812,0.06441368123621556
633.6051923730058,0.06451269889468007
633.7499320981996,0.06461171655314457
633.8946718233933,0.06471073421160908
634.039411548587,0.0648097518700736
634.1841512737808,0.06490876952853811
634.3288909989747,0.06500778718700262
634.4718823654298,0.06510681671149357
634.5908250736519,0.06520600945306833
634.709767781874,0.06530520219464309
634.8287104900961,0.06540439493621784
634.9476531983182,0.0655035876777926
635.0665959065403,0.06560278041936735
635.1855386147624,0.06570197316094209
635.3044813229845,0.06580116590251685
635.4212308299634,0.06590037352924269
635.5331003370112,0.06599961427629274
635.644969844059,0.06609885502334278
635.7568393511069,0.06619809577039285
635.8687088581547,0.06629733651744289
635.9805783652026,0.06639657726449295
636.0924478722504,0.06649581801154299
636.2043173792982,0.06659505875859305
636.3472425648358,0.0666940887322507
636.4943500082835,0.0667930903211256
636.6414574517312,0.06689209191000049
636.7885648951789,0.06699109349887537
636.9356723386265,0.06709009508775027
637.0827797820743,0.06718909667662516
637.229887225522,0.06728809826550006
637.3731003198205,0.06738712628513484
637.4914519268633,0.06748632303848479
637.6098035339061,0.06758551979183473
637.7281551409488,0.0676847165451847
637.8465067479916,0.06778391329853466
637.9648583550344,0.0678831100518846
638.0832099620771,0.06798230680523455
638.2015615691199,0.06808150355858451
638.3213359823156,0.06818069065541772
638.4457596213797,0.06827984619817914
638.5701832604436,0.06837900174094057
638.6946068995076,0.06847815728370198
638.8190305385715,0.0685773128264634
638.9434541776355,0.06867646836922484
639.0678778166995,0.06877562391198626
639.1923014557634,0.06887477945474768
639.3167250948275,0.06897393499750909
639.4411487338914,0.06907309054027051
639.556194966863,0.0691723097270349
639.6677559404751,0.06927155256808652
639.7793169140873,0.06937079540913811
639.8908778876994,0.06947003825018971
640.0024388613115,0.06956928109124132
640.1139998349236,0.06966852393229292
640.2255608085356,0.06976776677334452
640.3368298613232,0.06986701159564868
640.4466053462653,0.06996626655472579
640.5563808312074,0.07006552151380291
640.6661563161497,0.07016477647288001
640.7759318010918,0.07026403143195713
640.885707286034,0.07036328639103422
640.9954827709761,0.07046254135011133
641.1052582559182,0.07056179630918845
641.2246665807805,0.07066098589064551
641.3685846201787,0.0707600091258519
641.5125026595769,0.07085903236105827
641.6564206989749,0.07095805559626465
641.8003387383731,0.07105707883147104
641.9442567777711,0.07115610206667743
642.0881748171693,0.07125512530188381
642.2304155043022,0.07135415992119912
642.3405196767443,0.07145341264949001
642.4506238491864,0.07155266537778092
642.5607280216285,0.07165191810607181
642.6708321940706,0.0717511708343627
642.7809363665128,0.0718504235626536
642.8910405389549,0.0719496762909445
643.001144711397,0.07204892901923539
643.1091253222544,0.07214819616003637
643.2074381526162,0.07224752891559737
643.3057509829781,0.07234686167115839
643.4040638133399,0.0724461944267194
643.5023766437017,0.07254552718228041
643.6006894740636,0.07264485993784142
643.6990023044254,0.07274419269340243
643.7973151347874,0.07284352544896344
643.8956279651492,0.07294285820452445
643.9954084873827,0.07304218099893152
644.0958950695643,0.07314149900134374
644.1963816517458,0.07324081700375597
644.2968682339273,0.0733401350061682
644.3973548161088,0.07343945300858043
644.4978413982903,0.07353877101099267
644.5983279804718,0.0736380890134049
644.6988145626533,0.07373740701581712
644.8241497909661,0.07383655637166628
644.9623842298134,0.07393561818119553
645.1006186686607,0.07403467999072479
645.238853107508,0.07413374180025405
645.3770875463553,0.0742328036097833
645.5153219852026,0.07433186541931254
645.6535564240498,0.0744309272288418
645.7917908628971,0.07452998903837106
645.9070820799717,0.07462920656244015
646.0169204403794,0.07472846109478451
646.126758800787,0.07482771562712887
646.2365971611946,0.07492697015947322
646.3464355216023,0.07502622469181758
646.4562738820099,0.07512547922416192
646.5661122424176,0.07522473375650629
646.6759506028252,0.07532398828885065
646.7722629113791,0.0754233346218567
646.8652719681825,0.07552270337387311
646.9582810249858,0.0756220721258895
647.0512900817891,0.07572144087790592
647.1442991385925,0.07582080962992231
647.2373081953958,0.07592017838193872
647.3303172521992,0.07601954713395513
647.4245295026561,0.0761189077199542
647.5271080045383,0.07621821152460831
647.6296865064203,0.07631751532926241
647.7322650083023,0.07641681913391651
647.8348435101844,0.0765161229385706
647.9374220120665,0.07661542674322469
648.0400005139486,0.07671473054787879
648.1425790158306,0.0768140343525329
648.2527789875103,0.07691328643063898
648.3721583343149,0.07701247620876873
648.4915376811196,0.07711166598689848
648.6109170279242,0.07721085576502823
648.7302963747288,0.07731004554315798
648.8496757215335,0.07740923532128774
648.9690550683381,0.07750842509941748
649.0884344151427,0.07760761487754722
649.2032194310301,0.07770683583717937
649.3127848672088,0.07780609222184731
649.4223503033876,0.07790534860651525
649.5319157395663,0.0780046049911832
649.6414811757451,0.07810386137585111
649.7510466119238,0.07820311776051905
649.8606120481026,0.078302374145187
649.9701774842813,0.07840163052985494
650.0739062219069,0.07850092652791449
650.1657560026135,0.07860030314788187
650.2576057833203,0.07869967976784924
650.3494555640269,0.07879905638781662
650.4413053447337,0.07889843300778399
650.5331551254404,0.07899780962775135
650.6250049061471,0.07909718624771872
650.7168546868538,0.0791965628676861
650.8071036822276,0.07929595035210633
650.8908447046787,0.07939538200582498
650.9745857271296,0.07949481365954361
651.0583267495806,0.07959424531326227
651.1420677720316,0.07969367696698092
651.2258087944826,0.07979310862069956
651.3095498169336,0.07989254027441821
651.3932908393846,0.07999197192813684
651.4912111553306,0.08009130734767428
651.6112656709231,0.08019049254346602
651.7313201865156,0.08028967773925777
651.8513747021082,0.08038886293504952
651.9714292177007,0.08048804813084123
652.0914837332931,0.08058723332663299
652.2115382488856,0.08068641852242474
652.3315927644782,0.08078560371821648
652.4481849384387,0.08088481241275393
652.5601972402053,0.0809840521906631
652.6722095419719,0.08108329196857228
652.7842218437386,0.08118253174648146
652.8962341455052,0.08128177152439064
653.0082464472719,0.08138101130229981
653.1202587490385,0.081480251080209
653.2322710508051,0.08157949085811818
653.3202234315442,0.0816788939295512
653.3943979489977,0.08177839051067796
653.4685724664513,0.08187788709180471
653.5427469839047,0.08197738367293149
653.6169215013583,0.08207688025405825
653.6910960188119,0.08217637683518501
653.7652705362653,0.08227587341631179
653.8394450537189,0.08237536999743854
653.9208023465818,0.08247481782941496
654.0143524197919,0.0825741829095791
654.107902493002,0.08267354798974323
654.2014525662121,0.08277291306990738
654.2950026394221,0.0828722781500715
654.3885527126323,0.08297164323023565
654.4821027858424,0.08307100831039979
654.5756528590524,0.08317037339056393
654.6792486023601,0.08326967029124953
654.7898670044679,0.08336891952948847
654.9004854065756,0.08346816876772742
655.0111038086834,0.08356741800596637
655.1217222107912,0.08366666724420534
655.232340612899,0.08376591648244429
655.3429590150067,0.08386516572068323
655.4535774171145,0.08396441495892218
655.559795980476,0.08406369405865455
655.6615297665084,0.08416300359635438
655.7632635525407,0.08426231313405422
655.8649973385732,0.08436162267175404
655.9667311246055,0.08446093220945389
656.0684649106379,0.08456024174715372
656.1701986966704,0.08465955128485356
656.2719324827027,0.08475886082255338
656.3702485235426,0.08485819355632504
656.4636142729942,0.08495755988748564
656.5569800224458,0.08505692621864624
656.6503457718974,0.08515629254980685
656.743711521349,0.08525565888096744
656.8370772708006,0.08535502521212804
656.9304430202523,0.08545439154328864
657.0238087697038,0.08555375787444924
657.1037294149668,0.08565321545688365
657.1694626022128,0.08575276932891147
657.2351957894588,0.08585232320093932
657.3009289767048,0.08595187707296716
657.3666621639508,0.086051430944995
657.4323953511968,0.08615098481702284
657.4981285384428,0.08625053868905067
657.5638617256888,0.0863500925610785
657.6503686293227,0.08644950544289494
657.7524894207388,0.0865488123540079
657.8546102121551,0.08664811926512085
657.9567310035713,0.0867474261762338
658.0588517949875,0.08684673308734676
658.1609725864038,0.08694603999845972
658.26309337782,0.08704534690957268
658.3652141692362,0.08714465382068565
658.4719844865034,0.08724392917569083
658.5833412247449,0.08734317340287806
658.6946979629865,0.08744241763006527
658.806054701228,0.08754166185725248
658.9174114394697,0.0876409060844397
659.0287681777112,0.08774015031162691
659.1401249159527,0.08783939453881412
659.2514816541943,0.08793863876600135
659.3506599018971,0.0880379656480166
659.4344970579847,0.08813739664928087
659.5183342140724,0.08823682765054516
659.60217137016,0.08833625865180945
659.6860085262476,0.08843568965307375
659.7698456823354,0.08853512065433804
659.853682838423,0.08863455165560231
659.9375199945107,0.0887339826568666
660.0193177267179,0.08883342749960244
660.0942936990577,0.08893291864129353
660.1692696713976,0.08903240978298463
660.2442456437375,0.08913190092467571
660.3192216160775,0.08923139206636682
660.3941975884173,0.08933088320805792
660.4691735607572,0.08943037434974901
660.5441495330971,0.08952986549144011
660.6191275074174,0.08962935661954385
660.6941851772996,0.08972884720675767
660.7692428471818,0.0898283377939715
660.8443005170639,0.0899278283811853
660.919358186946,0.09002731896839913
660.9944158568281,0.09012680955561293
661.0694735267103,0.09022630014282675
661.1445311965925,0.09032579073004057
661.2195888664746,0.09042528131725439
661.3274549070725,0.09052454923563819
661.4422475795651,0.09062377014330532
661.5570402520576,0.09072299105097245
661.6718329245501,0.09082221195863958
661.7866255970426,0.09092143286630673
661.9014182695353,0.09102065377397385
662.0162109420278,0.09111987468164098
662.1232415595396,0.091219148270001
662.2085716305361,0.09131856913892378
662.2939017015326,0.09141799000784658
662.3792317725291,0.09151741087676936
662.4645618435256,0.09161683174569216
662.5498919145222,0.09171625261461494
662.6352219855187,0.09181567348353774
662.7205520565152,0.09191509435246054
662.795425600723,0.09201458618932641
662.8617280914691,0.09211413619751885
662.9280305822152,0.09221368620571128
662.9943330729615,0.09231323621390372
663.0606355637076,0.09241278622209616
663.1269380544537,0.09251233623028858
663.1932405451998,0.09261188623848102
663.2595430359461,0.09271143624667345
663.3404223965473,0.0928108873223531
663.4343791119379,0.09291024964265636
663.5283358273286,0.09300961196295962
663.6222925427193,0.0931089742832629
663.71624925811,0.09320833660356616
663.8102059735006,0.09330769892386943
663.9041626888913,0.0934070612441727
663.998119404282,0.09350642356447596
664.098020451046,0.09360574554088884
664.2036072200855,0.09370502892857879
664.3091939891251,0.09380431231626876
664.4147807581647,0.0939035957039587
664.5203675272044,0.09400287909164866
664.6259542962439,0.09410216247933863
664.7315410652835,0.09420144586702858
664.837127834323,0.09430072925471855
664.9047129100217,0.09440027055806874
664.971223003888,0.09449981915726882
665.0377330977544,0.09459936775646889
665.1042431916209,0.09469891635566896
665.1707532854872,0.09479846495486903
665.2372633793536,0.09489801355406909
665.3037734732201,0.09499756215326915
665.3702900037761,0.09509711070878372
665.4368512423133,0.09519665896086738
665.5034124808507,0.09529620721295104
665.5699737193879,0.09539575546503468
665.6365349579253,0.09549530371711833
665.7030961964625,0.09559485196920199
665.7696574349998,0.09569440022128564
665.8362186735371,0.0957939484733693
665.9245609696956,0.09589334889846515
666.027494398273,0.09599265029424889
666.1304278268503,0.09609195169003262
666.2333612554278,0.09619125308581636
666.3362946840051,0.0962905544816001
666.4392281125826,0.0963898558773838
666.5421615411599,0.09648915727316754
666.6450949697373,0.09658845866895127
666.7398894557068,0.09668781530334603
666.8247736355207,0.09678723919851077
666.9096578153348,0.09688666309367551
666.9945419951487,0.09698608698884026
667.0794261749626,0.09708551088400501
667.1643103547765,0.09718493477916976
667.2491945345904,0.09728435867433449
667.3340787144044,0.09738378256949924
667.4189952241304,0.09748320624524243
667.5039838102971,0.0975826294318063
667.5889723964638,0.09768205261837017
667.6739609826304,0.09778147580493403
667.758949568797,0.09788089899149789
667.8439381549637,0.09798032217806175
667.9289267411303,0.09807974536462563
668.013915327297,0.0981791685511895
668.0940295145829,0.09827862482006351
668.1511796710494,0.09837823694470738
668.2083298275159,0.09847784906935124
668.2654799839825,0.0985774611939951
668.322630140449,0.09867707331863897
668.3797802969154,0.09877668544328282
668.4369304533819,0.09887629756792668
668.4940806098484,0.09897590969257054
668.5512456840121,0.09907552171596871
668.6084247619823,0.09917513364432373
668.6656038399525,0.09927474557267874
668.7227829179227,0.09937435750103374
668.7799619958929,0.09947396942938876
668.8371410738631,0.09957358135774377
668.8943201518333,0.09967319328609879
668.9514992298035,0.09977280521445378
669.0565464120525,0.09987209226429328
669.1692334323826,0.0999713274629201
669.2819204527127,0.10007056266154693
669.3946074730427,0.10016979786017374
669.5072944933728,0.10026903305880057
669.6199815137029,0.10036826825742741
669.7326685340329,0.10046750345605424
669.845355554363,0.10056673865468106
669.9239313317738,0.10066620536466872
669.9909448428203,0.10076575054720066
670.0579583538669,0.1008652957297326
670.1249718649133,0.10096484091226454
670.1919853759598,0.1010643860947965
670.2589988870063,0.10116393127732842
670.3260123980529,0.10126347645986036
670.3930259090993,0.1013630216423923
670.4510209057405,0.10146262803314665
670.5085367781085,0.10156223767569432
670.5660526504764,0.10166184731824199
670.6235685228443,0.10176145696078966
670.6810843952122,0.10186106660333734
670.7386002675802,0.10196067624588502
670.7961161399481,0.10206028588843269
670.8566981555989,0.10215987472121374
670.9335678724924,0.10225935301015188
671.0104375893859,0.10235883129909
671.0873073062794,0.10245830958802814
671.1641770231728,0.10255778787696626
671.2410467400663,0.10265726616590438
671.3179164569598,0.10275674445484251
671.3947861738533,0.10285622274378065
671.4817226639817,0.10295563271001425
671.5776242332487,0.10305498183068805
671.6735258025158,0.10315433095136183
671.7694273717827,0.10325368007203561
671.8653289410497,0.10335302919270942
671.9612305103168,0.1034523783133832
672.0571320795838,0.10355172743405698
672.1530336488509,0.10365107655473078
672.2274471864705,0.1037505715136392
672.2946910203392,0.10385011513298126
672.361934854208,0.10394965875232332
672.4291786880767,0.10404920237166536
672.4964225219454,0.10414874599100742
672.5636663558141,0.10424828961034947
672.6309101896828,0.10434783322969153
672.6981540235515,0.10444737684903357
672.755871523831,0.10454698512314232
672.8133621205942,0.10464659493723431
672.8708527173575,0.1047462047513263
672.9283433141208,0.10484581456541829
672.9858339108839,0.10494542437951028
673.0433245076472,0.10504503419360225
673.1008151044105,0.10514464400769424
673.1584569498253,0.10524425279526892
673.2163620256147,0.10534385979631174
673.2742671014039,0.10544346679735456
673.3321721771932,0.10554307379839738
673.3900772529826,0.1056426807994402
673.4479823287718,0.10574228780048302
673.5058874045611,0.10584189480152584
673.5637924803505,0.10594150180256867
673.6432435489584,0.10604096257199717
673.7491797278136,0.10614024358825956
673.8551159066689,0.10623952460452195
673.9610520855242,0.10633880562078434
674.0669882643795,0.10643808663704672
674.1729244432347,0.10653736765330911
674.27886062209,0.1066366486695715
674.3847968009452,0.10673592968583388
674.487769168249,0.10683523081734236
676.409495341835,0.10871247844475881
678.331221515421,0.11058972607217525
680.252947689007,0.11246697369959169
682.1746738625931,0.11434422132700814
684.096400036179,0.11622146895442459
686.0181262097651,0.11809871658184103
687.9398523833511,0.11997596420925748
689.861578556937,0.12185321183667393
691.7833047305231,0.12373045946409036
693.7050309041091,0.1256077070915068
695.6267570776952,0.12748495471892327
697.5484832512811,0.1293622023463397
699.4702094248671,0.13123944997375614
701.3919355984532,0.1331166976011726
703.3136617720392,0.134993945228589
705.2353879456252,0.13687119285600546
707.1571141192112,0.13874844048342191
709.0788402927972,0.14062568811083836
711.0005664663832,0.1425029357382548
712.9222926399692,0.14438018336567124
714.8440188135553,0.1462574309930877
716.7657449871413,0.1481346786205041
718.6874711607272,0.1500119262479206
720.6091973343133,0.151889173875337
722.5309235078993,0.15376642150275346
724.4526496814854,0.15564366913016991
726.3743758550713,0.15752091675758637
728.2961020286573,0.1593981643850028
730.2178282022434,0.16127541201241924
732.1395543758293,0.1631526596398357
734.0612805494154,0.16502990726725214
735.9830067230014,0.1669071548946686
737.9047328965873,0.16878440252208501
739.8264590701734,0.17066165014950144
741.7481852437594,0.17253889777691792
743.6699114173455,0.17441614540433437
745.5916375909314,0.1762933930317508
747.5133637645174,0.17817064065916724
749.4350899381035,0.18004788828658372
751.3568161116896,0.18192513591400014
753.2785422852755,0.18380238354141656
755.2002684588615,0.18567963116883304
757.1219946324476,0.18755687879624947
759.0437208060335,0.18943412642366592
760.9654469796196,0.19131137405108237
762.8871731532056,0.19318862167849882
764.8088993267916,0.19506586930591524
766.7306255003776,0.1969431169333317
768.6523516739636,0.19882036456074814
770.5740778475497,0.20069761218816456
772.4958040211357,0.20257485981558104
774.4175301947216,0.20445210744299747
776.3392563683077,0.20632935507041392
778.2609825418937,0.20820660269783037
780.1827087154797,0.2100838503252468
782.1044348890657,0.21196109795266324
784.0261610626517,0.2138383455800797
785.9478872362378,0.21571559320749614
787.8696134098237,0.21759284083491257
789.7913395834098,0.21947008846232904
791.7130657569958,0.22134733608974547
793.6347919305817,0.2232245837171619
795.5565181041678,0.22510183134457837
797.4782442777538,0.2269790789719948
799.3999704513399,0.22885632659941124
801.3216966249258,0.2307335742268277
803.2434227985118,0.23261082185424414
805.1651489720979,0.23448806948166057
807.0868751456838,0.23636531710907702
809.0086013192699,0.23824256473649347
810.9303274928559,0.2401198123639099
812.8520536664419,0.24199705999132637
814.7737798400279,0.2438743076187428
816.6955060136139,0.24575155524615924
818.6172321872,0.2476288028735757
820.538958360786,0.2495060505009921
822.4606845343719,0.25138329812840854
824.382410707958,0.253260545755825
826.3041368815441,0.25513779338324144
828.22586305513,0.2570150410106579
830.147589228716,0.25889228863807434
832.069315402302,0.2607695362654907
833.9910415758881,0.2626467838929072
835.9127677494741,0.26452403152032367
837.8344939230601,0.26640127914774014
839.7562200966461,0.26827852677515657
841.677946270232,0.270155774402573
843.5996724438181,0.2720330220299894
845.5213986174042,0.27391026965740584
847.4431247909902,0.2757875172848223
849.3648509645761,0.2776647649122388
851.2865771381622,0.27954201253965527
853.2083033117482,0.28141926016707164
855.1300294853341,0.28329650779448806
857.0517556589202,0.28517375542190454
858.9734818325062,0.28705100304932096
860.8952080060923,0.28892825067673744
862.8169341796784,0.2908054983041539
864.7386603532643,0.29268274593157034
866.6603865268503,0.2945599935589867
868.5821127004363,0.2964372411864032
870.5038388740223,0.29831448881381967
872.4255650476084,0.3001917364412361
874.3472912211944,0.30206898406865257
876.2690173947803,0.303946231696069
878.1907435683663,0.3058234793234854
880.1124697419523,0.30770072695090184
882.0341959155385,0.3095779745783183
883.9559220891244,0.3114552222057348
885.8776482627104,0.3133324698331512
887.7993744362964,0.31520971746056764
889.7211006098823,0.31708696508798406
891.6428267834684,0.31896421271540054
893.5645529570545,0.32084146034281696
895.4862791306405,0.32271870797023344
897.4080053042265,0.3245959555976499
899.3297314778125,0.3264732032250663
901.2514576513986,0.32835045085248277
903.1731838249846,0.3302276984798992
905.0949099985705,0.33210494610731567
907.0166361721565,0.3339821937347321
908.9383623457427,0.33585944136214857
910.8600885193287,0.337736688989565
912.7818146929146,0.3396139366169814
914.7035408665006,0.34149118424439784
916.6252670400866,0.3433684318718143
918.5469932136726,0.3452456794992308
920.4687193872587,0.3471229271266472
922.3904455608447,0.34900017475406364
924.3121717344306,0.3508774223814801
926.2338979080166,0.3527546700088965
928.1556240816027,0.35463191763631297
930.0773502551888,0.35650916526372944
931.9990764287747,0.3583864128911459
933.9208026023608,0.36026366051856235
935.8425287759467,0.3621409081459787
937.7642549495328,0.3640181557733952
939.6859811231188,0.3658954034008116
941.6077072967048,0.3677726510282281
943.5294334702908,0.36964989865564457
945.4511596438768,0.37152714628306105
947.3728858174628,0.37340439391047736
949.2946119910489,0.37528164153789384
951.2163381646349,0.3771588891653103
953.1380643382208,0.37903613679272674
955.0597905118069,0.3809133844201432
956.981516685393,0.3827906320475597
958.9032428589788,0.38466787967497607
960.8249690325649,0.3865451273023925
962.7466952061509,0.38842237492980897
964.668421379737,0.39029962255722545
966.590147553323,0.39217687018464187
968.511873726909,0.39405411781205835
970.433599900495,0.3959313654394747
972.355326074081,0.3978086130668912
974.277052247667,0.3996858606943076
976.1987784212531,0.4015631083217241
978.1205045948391,0.40344035594914057
980.042230768425,0.405317603576557
981.9639569420111,0.4071948512039735
983.885683115597,0.40907209883138984
985.8074092891832,0.4109493464588063
987.7291354627691,0.41282659408622274
989.6508616363551,0.4147038417136392
991.5725878099412,0.4165810893410557
993.4943139835273,0.4184583369684721
995.4160401571131,0.4203355845958885
997.3377663306992,0.42221283222330497
999.2594925042852,0.42409007985072145
1001.1812186778712,0.42596732747813787
1003.1029448514573,0.42784457510555435
1005.0246710250433,0.4297218227329708
1006.9463971986293,0.43159907036038714
1008.8681233722152,0.4334763179878036
1010.7898495458013,0.4353535656152201
1012.7115757193874,0.4372308132426366
1014.6333018929733,0.439108060870053
1016.5550280665593,0.4409853084974695
1018.4767542401453,0.44286255612488584
1020.3984804137312,0.44473980375230227
1022.3202065873173,0.44661705137971874
1024.2419327609034,0.4484942990071352
1026.1636589344894,0.4503715466345517
1028.0853851080756,0.4522487942619681
1030.0071112816613,0.4541260418893845
1031.9288374552475,0.45600328951680097
1033.8505636288335,0.4578805371442174
1035.7722898024194,0.45975778477163387
1037.6940159760056,0.46163503239905035
1039.6157421495916,0.4635122800264668
1041.5374683231776,0.46538952765388314
1043.4591944967635,0.4672667752812996
1045.3809206703495,0.4691440229087161
1047.3026468439355,0.4710212705361325
1049.2243730175214,0.472898518163549
1051.1460991911076,0.4747757657909655
1053.0678253646936,0.47665301341838184
1054.9895515382796,0.47853026104579827
1056.9112777118655,0.48040750867321474
1058.8330038854515,0.4822847563006312
1060.7547300590377,0.48416200392804765
1062.6764562326237,0.4860392515554641
1064.5981824062096,0.4879164991828805
1066.5199085797956,0.48979374681029697
1068.4416347533815,0.4916709944377134
1070.3633609269677,0.49354824206512987
1072.2850871005537,0.49542548969254635
1074.2068132741397,0.4973027373199628
1076.1285394477256,0.49917998494737914
1078.0502656213116,0.5010572325747956
1079.9719917948978,0.5029344802022121
1081.8937179684838,0.5048117278296286
1083.8154441420697,0.5066889754570449
1085.737170315656,0.5085662230844614
1087.6588964892417,0.5104434707118778
1089.5806226628279,0.5123207183392943
1091.5023488364138,0.5141979659667107
1093.4240750099998,0.5160752135941272
1095.345801183586,0.5179524612215437
1097.267527357172,0.5198297088489601
1099.189253530758,0.5217069564763764
1101.110979704344,0.5235842041037929
1103.0327058779299,0.5254614517312094
1104.954432051516,0.5273386993586259
1106.8761582251018,0.5292159469860424
1108.797884398688,0.5310931946134588
1110.7196105722742,0.5329704422408752
1112.64133674586,0.5348476898682916
1114.563062919446,0.536724937495708
1116.4847890930318,0.5386021851231245
1118.406515266618,0.540479432750541
1120.328241440204,0.5423566803779575
1122.24996761379,0.544233928005374
1124.1716937873762,0.5461111756327902
1126.093419960962,0.5479884232602067
1128.015146134548,0.5498656708876232
1129.936872308134,0.5517429185150396
1131.85859848172,0.5536201661424561
1133.7803246553062,0.5554974137698726
1135.702050828892,0.557374661397289
1137.6237770024782,0.5592519090247053
1139.5455031760641,0.5611291566521218
1141.46722934965,0.5630064042795383
1143.3889555232363,0.5648836519069548
1145.3106816968223,0.5667608995343713
1147.2324078704082,0.5686381471617876
1149.1541340439942,0.5705153947892041
1151.0758602175802,0.5723926424166205
1152.9975863911664,0.574269890044037
1154.9193125647523,0.5761471376714534
1156.8410387383383,0.5780243852988699
1158.7627649119243,0.5799016329262863
1160.6844910855102,0.5817788805537027
1162.6062172590964,0.5836561281811192
1164.5279434326824,0.5855333758085356
1166.4496696062683,0.5874106234359521
1168.3713957798545,0.5892878710633686
1170.2931219534403,0.5911651186907849
1172.2148481270265,0.5930423663182014
1174.1365743006124,0.5949196139456179
1176.0583004741984,0.5967968615730344
1177.9800266477846,0.5986741092004507
1179.9017528213703,0.6005513568278672
1181.8234789949565,0.6024286044552836
1183.7452051685425,0.6043058520827002
1185.6669313421285,0.6061830997101165
1187.5886575157147,0.608060347337533
1189.5103836893004,0.6099375949649495
1191.4321098628866,0.6118148425923658
1193.3538360364726,0.6136920902197823
1195.2755622100585,0.6155693378471988
1197.1972883836445,0.6174465854746152
1199.1190145572305,0.6193238331020317
1201.0407407308167,0.6212010807294481
1202.9624669044026,0.6230783283568646
1204.8841930779886,0.624955575984281
1206.8059192515748,0.6268328236116975
1208.7276454251605,0.6287100712391138
1210.6493715987467,0.6305873188665303
1212.5710977723327,0.6324645664939468
1214.4928239459186,0.6343418141213633
1216.4145501195048,0.6362190617487797
1218.3362762930908,0.6380963093761961
1220.2580024666768,0.6399735570036125
1222.1797286402627,0.641850804631029
1224.1014548138487,0.6437280522584454
1226.023180987435,0.6456052998858619
1227.9449071610209,0.6474825475132784
1229.8666333346068,0.6493597951406949
1231.7883595081928,0.6512370427681111
1233.7100856817788,0.6531142903955276
1235.631811855365,0.6549915380229441
1237.553538028951,0.6568687856503606
1239.475264202537,0.658746033277777
1241.396990376123,0.6606232809051935
1243.3187165497088,0.6625005285326099
1245.240442723295,0.6643777761600262
1247.1621688968808,0.6662550237874427
1249.083895070467,0.6681322714148592
1251.0056212440531,0.6700095190422757
1252.9273474176389,0.6718867666696922
1254.849073591225,0.6737640142971085
1256.7707997648108,0.675641261924525
1258.692525938397,0.6775185095519414
1260.614252111983,0.6793957571793579
1262.535978285569,0.6812730048067743
1264.4577044591551,0.6831502524341908
1266.3794306327409,0.6850275000616072
1268.301156806327,0.6869047476890237
1270.222882979913,0.6887819953164401
1272.144609153499,0.6906592429438565
1274.0663353270852,0.692536490571273
1275.9880615006712,0.6944137381986895
1277.9097876742571,0.6962909858261058
1279.831513847843,0.6981682334535223
1281.753240021429,0.7000454810809388
1283.6749661950153,0.7019227287083553
1285.5966923686012,0.7037999763357716
1287.5184185421872,0.7056772239631881
1289.4401447157734,0.7075544715906046
1291.3618708893591,0.709431719218021
1293.2835970629453,0.7113089668454374
1295.2053232365313,0.7131862144728539
1297.1270494101173,0.7150634621002704
1299.0487755837034,0.7169407097276868
1300.9705017572892,0.7188179573551032
1302.8922279308754,0.7206952049825196
1304.8139541044613,0.7225724526099361
1306.7356802780473,0.7244497002373526
1308.6574064516335,0.726326947864769
1310.5791326252192,0.7282041954921855
1312.5008587988054,0.7300814431196019
1314.4225849723912,0.7319586907470182
1316.3443111459774,0.7338359383744347
1318.2660373195636,0.7357131860018512
1320.1877634931493,0.7375904336292677
1322.1094896667355,0.7394676812566842
1324.0312158403215,0.7413449288841006
1325.9529420139074,0.7432221765115169
1327.8746681874936,0.7450994241389334
1329.7963943610794,0.7469766717663499
1331.7181205346656,0.7488539193937663
1333.6398467082515,0.7507311670211828
1335.5615728818375,0.7526084146485993
1337.4832990554235,0.7544856622760157
1339.4050252290094,0.756362909903432
1341.3267514025956,0.7582401575308485
1343.2484775761816,0.760117405158265
1345.1702037497676,0.7619946527856815
1347.0919299233537,0.7638719004130979
1349.0136560969395,0.7657491480405143
1350.9353822705257,0.7676263956679308
1352.8571084441116,0.7695036432953472
1354.7788346176976,0.7713808909227636
1356.7005607912838,0.7732581385501801
1358.6222869648698,0.7751353861775966
1360.5440131384557,0.777012633805013
1362.4657393120417,0.7788898814324294
1364.3874654856277,0.7807671290598459
1366.3091916592139,0.7826443766872623
1368.2309178327998,0.7845216243146788
1370.1526440063858,0.7863988719420952
1372.0743701799718,0.7882761195695116
1373.9960963535577,0.7901533671969281
1375.917822527144,0.7920306148243446
1377.8395487007297,0.793907862451761
1379.7612748743159,0.7957851100791774
1381.683001047902,0.7976623577065939
1383.6047272214878,0.7995396053340103
1385.526453395074,0.8014168529614267
1387.4481795686597,0.8032941005888432
1389.369905742246,0.8051713482162597
1391.2916319158319,0.8070485958436762
1393.2133580894179,0.8089258434710925
1395.135084263004,0.8108030910985089
1397.0568104365898,0.8126803387259254
1398.978536610176,0.8145575863533419
1400.900262783762,0.8164348339807583
1402.821988957348,0.8183120816081748
1404.743715130934,0.8201893292355913
1406.6654413045198,0.8220665768630075
1408.587167478106,0.823943824490424
1410.508893651692,0.8258210721178405
1412.430619825278,0.827698319745257
1414.3523459988642,0.8295755673726735
1416.2740721724501,0.8314528150000899
1418.195798346036,0.8333300626275064
1420.117524519622,0.8352073102549227
1422.039250693208,0.8370845578823392
1423.9609768667942,0.8389618055097556
1425.8827030403802,0.8408390531371721
1427.8044292139662,0.8427163007645886
1429.7261553875524,0.8445935483920051
1431.647881561138,0.8464707960194214
1433.5696077347243,0.8483480436468378
1435.4913339083103,0.8502252912742543
1437.4130600818962,0.8521025389016708
1439.3347862554824,0.8539797865290872
1441.2565124290682,0.8558570341565037
1443.1782386026543,0.8577342817839201
1445.0999647762403,0.8596115294113366
1447.0216909498263,0.8614887770387529
1448.9434171234125,0.8633660246661694
1450.8651432969982,0.8652432722935859
1452.7868694705844,0.8671205199210024
1454.7085956441701,0.8689977675484187
1456.6303218177563,0.8708750151758352
1458.5520479913425,0.8727522628032517
1460.4737741649283,0.8746295104306681
1462.3955003385145,0.8765067580580845
1464.3172265121004,0.878384005685501
1466.2389526856864,0.8802612533129174
1468.1606788592724,0.8821385009403339
1470.0824050328583,0.8840157485677503
1472.0041312064445,0.8858929961951668
1473.9258573800305,0.8877702438225832
1475.8475835536165,0.8896474914499997
1477.7693097272024,0.891524739077416
1479.6910359007884,0.8934019867048325
1481.6127620743746,0.895279234332249
1483.5344882479606,0.8971564819596655
1485.4562144215465,0.8990337295870819
1487.3779405951327,0.9009109772144983
1489.2996667687185,0.9027882248419147
1491.2213929423046,0.9046654724693312
1493.1431191158906,0.9065427200967476
1495.0648452894766,0.9084199677241641
1496.9865714630628,0.9102972153515806
1498.9082976366487,0.912174462978997
1500.8300238102347,0.9140517106064133
1502.7517499838207,0.9159289582338298
1504.6734761574066,0.9178062058612463
1506.5952023309928,0.9196834534886628
1508.5169285045786,0.9215607011160792
1510.4386546781648,0.9234379487434957
1512.3603808517507,0.9253151963709121
1514.2821070253367,0.9271924439983285
1516.203833198923,0.9290696916257449
1518.1255593725086,0.9309469392531614
1520.0472855460948,0.9328241868805779
1521.969011719681,0.9347014345079944
1523.8907378932668,0.9365786821354107
1525.812464066853,0.9384559297628272
1527.7341902404387,0.9403331773902436
1529.655916414025,0.9422104250176601
1531.5776425876109,0.9440876726450765
1533.4993687611968,0.945964920272493
1535.421094934783,0.9478421678999094
1537.3428211083688,0.9497194155273259
1539.264547281955,0.9515966631547423
1541.186273455541,0.9534739107821587
1543.1079996291269,0.9553511584095752
1545.029725802713,0.9572284060369917
1546.951451976299,0.9591056536644081
1548.873178149885,0.9609829012918245
1550.794904323471,0.962860148919241
1552.716630497057,0.9647373965466575
1554.6383566706431,0.9666146441740738
1556.560082844229,0.9684918918014903
1558.481809017815,0.9703691394289068
1560.403535191401,0.9722463870563232
1562.325261364987,0.9741236346837396
1564.2469875385732,0.9760008823111561
1566.1687137121592,0.9778781299385725
1568.0904398857451,0.979755377565989
1570.0121660593313,0.9816326251934054
1571.933892232917,0.9835098728208218
1573.8556184065033,0.9853871204482383
1575.7773445800892,0.9872643680756548
1577.6990707536752,0.9891416157030712
1579.6207969272612,0.9910188633304875
1581.5425231008471,0.9928961109579041
1583.4642492744333,0.9947733585853205
1585.385975448019,0.9966506062127368
1587.3077016216052,0.9985278538401534
1589.229427795191,1.0004051014675697
1591.1511539687772,1.0022823490949864
1593.0728801423634,1.0041595967224026
1594.994606315949,1.006036844349819
1596.9163324895353,1.0079140919772356
1598.838058663121,1.009791339604652
1600.7597848367072,1.0116685872320685
1602.6815110102934,1.0135458348594848
1604.6032371838796,1.0154230824869015
1606.5249633574654,1.0173003301143178
1608.446689531051,1.0191775777417342
1610.3684157046373,1.0210548253691507
1612.2901418782235,1.0229320729965672
1614.2118680518097,1.0248093206239837
1616.1335942253954,1.0266865682514
1618.0553203989812,1.0285638158788164
1619.9770465725674,1.0304410635062329
1621.8987727461536,1.0323183111336494
1623.8204989197393,1.0341955587610658
1625.7422250933255,1.0360728063884823
1627.6639512669117,1.0379500540158988
1629.5856774404974,1.039827301643315
1631.5074036140836,1.0417045492707315
1633.4291297876694,1.043581796898148
1635.3508559612555,1.0454590445255645
1637.2725821348417,1.047336292152981
1639.1943083084275,1.0492135397803974
1641.1160344820137,1.0510907874078137
1643.0377606555994,1.0529680350352302
1644.9594868291856,1.0548452826626467
1646.8812130027718,1.0567225302900631
1648.8029391763575,1.0585997779174796
1650.7246653499437,1.060477025544896
1652.6463915235295,1.0623542731723126
1654.5681176971157,1.0642315207997288
1656.4898438707019,1.0661087684271453
1658.4115700442876,1.0679860160545618
1660.3332962178738,1.0698632636819783
1662.2550223914595,1.0717405113093947
1664.1767485650457,1.0736177589368112
1666.098474738632,1.0754950065642277
1668.0202009122177,1.077372254191644
1669.9419270858039,1.0792495018190604
1671.8636532593896,1.081126749446477
1673.7853794329758,1.0830039970738934
1675.707105606562,1.0848812447013099
1677.6288317801477,1.0867584923287261
1679.550557953734,1.0886357399561428
1681.4722841273197,1.090512987583559
1683.3940103009058,1.0923902352109756
1685.315736474492,1.094267482838392
1687.2374626480778,1.0961447304658085
1689.159188821664,1.098021978093225
1691.0809149952497,1.0998992257206412
1693.002641168836,1.101776473348058
1694.924367342422,1.1036537209754742
1696.8460935160078,1.1055309686028905
1698.767819689594,1.1074082162303072
1700.6895458631798,1.1092854638577234
1702.611272036766,1.1111627114851401
1704.5329982103522,1.1130399591125564
1706.454724383938,1.1149172067399729
1708.376450557524,1.1167944543673893
1710.2981767311098,1.1186717019948056
1712.219902904696,1.1205489496222223
1714.1416290782818,1.1224261972496385
1716.063355251868,1.1243034448770552
1717.9850814254542,1.1261806925044715
1719.90680759904,1.128057940131888
1721.828533772626,1.1299351877593045
1723.7502599462118,1.1318124353867207
1725.671986119798,1.1336896830141374
1727.5937122933842,1.1355669306415537
1729.51543846697,1.1374441782689702
1731.4371646405561,1.1393214258963866
1733.358890814142,1.141198673523803
1735.280616987728,1.1430759211512196
1737.2023431613143,1.1449531687786358
1739.1240693349005,1.1468304164060525
1741.0457955084862,1.1487076640334688
1742.967521682072,1.1505849116608853
1744.8892478556581,1.1524621592883018
1746.8109740292443,1.1543394069157182
1748.7327002028305,1.1562166545431347
1750.6544263764163,1.158093902170551
1752.576152550002,1.1599711497979674
1754.4978787235882,1.161848397425384
1756.4196048971744,1.1637256450528004
1758.3413310707606,1.1656028926802169
1760.2630572443463,1.1674801403076334
1762.1847834179325,1.1693573879350498
1764.1065095915183,1.171234635562466
1766.0282357651045,1.1731118831898826
1767.9499619386906,1.174989130817299
1769.8716881122764,1.1768663784447155
1771.7934142858626,1.178743626072132
1773.7151404594483,1.1806208736995485
1775.6368666330345,1.1824981213269647
1777.5585928066203,1.1843753689543812
1779.4803189802064,1.1862526165817977
1781.4020451537926,1.1881298642092142
1783.3237713273784,1.1900071118366307
1785.2454975009646,1.1918843594640471
1787.1672236745503,1.1937616070914636
1789.0889498481365,1.1956388547188799
1791.0106760217227,1.1975161023462964
1792.9324021953084,1.1993933499737128
1794.8541283688946,1.2012705976011293
1796.7758545424804,1.2031478452285458
1798.6975807160666,1.2050250928559623
1800.6193068896528,1.2069023404833787
1802.5410330632385,1.208779588110795
1804.4627592368247,1.2106568357382115
1806.3844854104104,1.212534083365628
1808.3062115839966,1.2144113309930444
1810.2279377575828,1.216288578620461
1812.1496639311686,1.2181658262478772
1814.0713901047548,1.2200430738752939
1815.9931162783405,1.2219203215027101
1817.9148424519267,1.2237975691301266
1819.8365686255129,1.225674816757543
1821.758294799099,1.2275520643849596
1823.6800209726848,1.229429312012376
1825.6017471462706,1.2313065596397923
1827.5234733198567,1.233183807267209
1829.445199493443,1.2350610548946253
1831.3669256670287,1.2369383025220417
1833.2886518406149,1.2388155501494582
1835.2103780142006,1.2406927977768745
1837.1321041877868,1.2425700454042912
1839.053830361373,1.2444472930317074
1840.9755565349587,1.2463245406591241
1842.897282708545,1.2482017882865404
1844.8190088821311,1.2500790359139569
1846.7407350557169,1.2519562835413733
1848.662461229303,1.2538335311687896
1850.5841874028888,1.2557107787962063
1852.505913576475,1.2575880264236226
1854.4276397500612,1.2594652740510393
1856.349365923647,1.2613425216784555
1858.2710920972331,1.2632197693058718
1860.1928182708189,1.2650970169332885
1862.114544444405,1.2669742645607047
1864.0362706179912,1.2688515121881214
1865.957996791577,1.2707287598155377
1867.8797229651632,1.2726060074429544
1869.801449138749,1.2744832550703706
1871.7231753123351,1.276360502697787
1873.6449014859213,1.2782377503252036
1875.566627659507,1.2801149979526198
1877.4883538330932,1.2819922455800365
1879.410080006679,1.2838694932074528
1881.3318061802652,1.285746740834869
1883.2535323538514,1.2876239884622858
1885.175258527437,1.289501236089702
1887.0969847010233,1.2913784837171187
1889.018710874609,1.293255731344535
1890.9404370481952,1.2951329789719517
1892.8621632217814,1.297010226599368
1894.7838893953672,1.2988874742267842
1896.7056155689534,1.300764721854201
1898.627341742539,1.3026419694816171
1900.5490679161253,1.3045192171090338
1902.4707940897115,1.30639646473645
1904.3925202632972,1.3082737123638668
1906.3142464368834,1.310150959991283
1908.2359726104692,1.3120282076186993
1910.1576987840554,1.313905455246116
1912.0794249576415,1.3157827028735323
1914.0011511312273,1.317659950500949
1915.9228773048135,1.3195371981283652
1917.8446034783992,1.3214144457557817
1919.7663296519854,1.3232916933831982
1921.6880558255712,1.3251689410106144
1923.6097819991573,1.3270461886380311
1925.5315081727435,1.3289234362654474
1927.4532343463297,1.330800683892864
1929.3749605199155,1.3326779315202804
1931.2966866935012,1.3345551791476968
1933.2184128670874,1.3364324267751133
1935.1401390406736,1.3383096744025296
1937.0618652142598,1.3401869220299463
1938.9835913878455,1.3420641696573625
1940.9053175614313,1.343941417284779
1942.8270437350175,1.3458186649121955
1944.7487699086037,1.347695912539612
1946.6704960821899,1.3495731601670284
1948.5922222557756,1.3514504077944447
1950.5139484293618,1.3533276554218614
1952.4356746029475,1.3552049030492777
1954.3574007765337,1.3570821506766941
1956.27912695012,1.3589593983041106
1958.2008531237057,1.360836645931527
1960.1225792972918,1.3627138935589436
1962.0443054708776,1.3645911411863598
1963.9660316444638,1.3664683888137763
1965.88775781805,1.3683456364411928
1967.8094839916357,1.3702228840686093
1969.731210165222,1.3721001316960257
1971.6529363388076,1.3739773793234422
1973.5746625123938,1.3758546269508587
1975.49638868598,1.377731874578275
1977.4181148595658,1.3796091222056914
1979.339841033152,1.381486369833108
1981.2615672067377,1.3833636174605244
1983.183293380324,1.3852408650879409
1985.1050195539096,1.3871181127153573
1987.0267457274958,1.3889953603427736
1988.948471901082,1.39087260797019
1990.8701980746678,1.3927498555976066
1992.791924248254,1.394627103225023
1994.7136504218397,1.3965043508524395
1996.635376595426,1.398381598479856
1998.557102769012,1.4002588461072725
2000.4788289425978,1.4021360937346887
2002.400555116184,1.4040133413621052
2004.3222812897698,1.4058905889895217
2006.244007463356,1.4077678366169382
2008.1657336369422,1.4096450842443546
2010.087459810528,1.411522331871771
2012.009185984114,1.4133995794991876
2013.9309121576998,1.4152768271266039
2015.852638331286,1.4171540747540203
2017.7743645048722,1.4190313223814368
2019.6960906784584,1.4209085700088533
2021.6178168520441,1.4227858176362698
2023.5395430256299,1.424663065263686
2025.461269199216,1.4265403128911027
2027.3829953728023,1.428417560518519
2029.3047215463885,1.4302948081459355
2031.2264477199742,1.432172055773352
2033.1481738935604,1.4340493034007684
2035.0699000671461,1.435926551028185
2036.9916262407323,1.4378037986556012
2038.9133524143185,1.4396810462830179
2040.8350785879043,1.441558293910434
2042.7568047614905,1.4434355415378506
2044.6785309350762,1.445312789165267
2046.6002571086624,1.4471900367926833
2048.521983282248,1.4490672844201
2050.4437094558343,1.4509445320475163
2052.3654356294205,1.452821779674933
2054.2871618030063,1.4546990273023492
2056.2088879765925,1.4565762749297657
2058.130614150178,1.4584535225571822
2060.0523403237644,1.4603307701845984
2061.9740664973506,1.4622080178120151
2063.8957926709363,1.4640852654394314
2065.8175188445225,1.465962513066848
2067.7392450181082,1.4678397606942644
2069.6609711916944,1.4697170083216806
2071.5826973652806,1.4715942559490973
2073.5044235388664,1.4734715035765136
2075.4261497124526,1.4753487512039303
2077.3478758860383,1.4772259988313465
2079.2696020596245,1.4791032464587632
2081.1913282332107,1.4809804940861795
2083.1130544067964,1.4828577417135957
2085.0347805803826,1.4847349893410124
2086.9565067539684,1.4866122369684287
2088.8782329275546,1.4884894845958454
2090.7999591011408,1.4903667322232617
2092.7216852747265,1.4922439798506781
2094.6434114483127,1.4941212274780946
2096.5651376218984,1.4959984751055109
2098.4868637954846,1.4978757227329276
2100.408589969071,1.4997529703603438
2102.3303161426566,1.5016302179877605
2104.2520423162428,1.5035074656151768
2106.1737684898285,1.5053847132425933
2108.0954946634147,1.5072619608700097
2110.017220837001,1.509139208497426
2111.9389470105866,1.5110164561248427
2113.860673184173,1.512893703752259
2115.7823993577585,1.5147709513796754
2117.7041255313447,1.516648199007092
2119.625851704931,1.5185254466345084
2121.5475778785167,1.5204026942619249
2123.469304052103,1.5222799418893411
2125.391030225689,1.5241571895167578
2127.312756399275,1.526034437144174
2129.234482572861,1.5279116847715906
2131.1562087464467,1.529788932399007
2133.077934920033,1.5316661800264235
2134.999661093619,1.53354342765384
2136.921387267205,1.5354206752812563
2138.8431134407906,1.5372979229086727
2140.764839614377,1.5391751705360892
2142.686565787963,1.5410524181635057
2144.608291961549,1.5429296657909222
2146.530018135135,1.5448069134183386
2148.451744308721,1.5466841610457551
2150.373470482307,1.5485614086731714
2152.295196655893,1.5504386563005879
2154.2169228294792,1.5523159039280043
2156.138649003065,1.5541931515554208
2158.060375176651,1.5560703991828373
2159.982101350237,1.5579476468102538
2161.903827523823,1.5598248944376703
2163.8255536974093,1.5617021420650865
2165.747279870995,1.563579389692503
2167.6690060445812,1.5654566373199195
2169.590732218167,1.567333884947336
2171.512458391753,1.5692111325747524
2173.4341845653394,1.571088380202169
2175.355910738925,1.5729656278295852
2177.2776369125113,1.5748428754570016
2179.199363086097,1.5767201230844181
2181.1210892596832,1.5785973707118346
2183.0428154332694,1.580474618339251
2184.964541606855,1.5823518659666675
2186.8862677804414,1.584229113594084
2188.807993954027,1.5861063612215003
2190.7297201276133,1.5879836088489168
2192.651446301199,1.5898608564763332
2194.573172474785,1.5917381041037497
2196.4948986483714,1.5936153517311662
2198.416624821957,1.5954925993585825
2200.3383509955434,1.5973698469859992
2202.260077169129,1.5992470946134154
2204.1818033427153,1.6011243422408319
2206.1035295163015,1.6030015898682484
2208.0252556898877,1.6048788374956648
2209.9469818634734,1.6067560851230813
2211.868708037059,1.6086333327504976
2213.7904342106453,1.6105105803779143
2215.7121603842315,1.6123878280053305
2217.6338865578177,1.614265075632747
2219.5556127314035,1.6161423232601635
2221.477338904989,1.6180195708875798
2223.3990650785754,1.6198968185149965
2225.3207912521616,1.6217740661424127
2227.242517425748,1.6236513137698294
2229.1642435993335,1.6255285613972457
2231.0859697729197,1.6274058090246621
2233.0076959465055,1.6292830566520786
2234.9294221200917,1.6311603042794949
2236.851148293678,1.6330375519069116
2238.7728744672636,1.6349147995343278
2240.69460064085,1.6367920471617445
2242.6163268144355,1.6386692947891608
2244.5380529880217,1.640546542416577
2246.459779161608,1.6424237900439937
2248.3815053351937,1.64430103767141
2250.30323150878,1.6461782852988267
2252.2249576823656,1.648055532926243
2254.146683855952,1.6499327805536597
2256.0684100295375,1.651810028181076
2257.9901362031237,1.6536872758084922
2259.91186237671,1.6555645234359089
2261.8335885502956,1.6574417710633251
2263.755314723882,1.6593190186907418
2265.6770408974676,1.661196266318158
2267.5987670710538,1.6630735139455746
2269.52049324464,1.664950761572991
2271.4422194182257,1.6668280092004073
2273.363945591812,1.668705256827824
2275.2856717653976,1.6705825044552403
2277.207397938984,1.672459752082657
2279.12912411257,1.6743369997100732
2281.0508502861558,1.6762142473374897
2282.972576459742,1.6780914949649062
2284.8943026333277,1.6799687425923224
2286.816028806914,1.6818459902197391
2288.7377549805,1.6837232378471554
2290.6594811540863,1.685600485474572
2292.581207327672,1.6874777331019883
2294.5029335012578,1.6893549807294048
2296.424659674844,1.6912322283568213
2298.34638584843,1.6931094759842376
2300.2681120220163,1.6949867236116543
2302.189838195602,1.6968639712390705
2304.111564369188,1.698741218866487
2306.033290542774,1.7006184664939035
2307.95501671636,1.70249571412132
2309.8767428899464,1.7043729617487364
2311.798469063532,1.7062502093761527
2313.7201952371183,1.7081274570035694
2315.641921410704,1.7100047046309856
2317.5636475842903,1.7118819522584021
2319.485373757876,1.7137591998858186
2321.407099931462,1.715636447513235
2323.3288261050484,1.7175136951406516
2325.250552278634,1.7193909427680678
2327.1722784522203,1.7212681903954843
2329.094004625806,1.7231454380229008
2331.0157307993923,1.7250226856503172
2332.9374569729785,1.7268999332777337
2334.859183146564,1.7287771809051502
2336.7809093201504,1.7306544285325667
2338.702635493736,1.732531676159983
2340.6243616673223,1.7344089237873994
2342.5460878409085,1.736286171414816
2344.4678140144943,1.7381634190422324
2346.3895401880804,1.7400406666696489
2348.311266361666,1.7419179142970653
2350.2329925352524,1.7437951619244816
2352.1547187088386,1.745672409551898
2354.0764448824243,1.7475496571793145
2355.9981710560105,1.749426904806731
2357.9198972295962,1.7513041524341475
2359.8416234031824,1.753181400061564
2361.7633495767686,1.7550586476889805
2363.6850757503544,1.7569358953163967
2365.6068019239406,1.7588131429438132
2367.5285280975263,1.7606903905712297
2369.4502542711125,1.7625676381986461
2371.3719804446987,1.7644448858260626
2373.2937066182844,1.7663221334534789
2375.2154327918706,1.7681993810808956
2377.1371589654564,1.7700766287083118
2379.0588851390426,1.7719538763357283
2380.9806113126288,1.7738311239631448
2382.9023374862145,1.7757083715905613
2384.8240636598007,1.7775856192179778
2386.7457898333864,1.779462866845394
2388.6675160069726,1.7813401144728107
2390.589242180559,1.783217362100227
2392.5109683541446,1.7850946097276434
2394.4326945277307,1.78697185735506
2396.3544207013165,1.7888491049824762
2398.2761468749027,1.7907263526098929
2400.197873048489,1.7926036002373091
2402.1195992220746,1.7944808478647258
2404.041325395661,1.796358095492142
2405.963051569247,1.7982353431195586
2407.8847777428327,1.800112590746975
2409.8065039164185,1.8019898383743913
2411.7282300900047,1.803867086001808
2413.649956263591,1.8057443336292243
2415.571682437177,1.807621581256641
2417.493408610763,1.8094988288840572
2419.415134784349,1.8113760765114737
2421.3368609579347,1.8132533241388902
2423.258587131521,1.8151305717663064
2425.180313305107,1.8170078193937231
2427.102039478693,1.8188850670211394
2429.023765652279,1.820762314648556
2430.945491825865,1.8226395622759723
2432.867217999451,1.8245168099033886
2434.788944173037,1.8263940575308053
2436.710670346623,1.8282713051582216
2438.632396520209,1.8301485527856383
2440.554122693795,1.8320258004130545
2442.475848867381,1.8339030480404712
2444.3975750409672,1.8357802956678875
2446.319301214553,1.8376575432953037
2448.241027388139,1.8395347909227204
2450.162753561725,1.8414120385501367
2452.084479735311,1.8432892861775534
2454.0062059088973,1.8451665338049696
2455.927932082483,1.8470437814323861
2457.8496582560692,1.8489210290598026
2459.771384429655,1.8507982766872189
2461.693110603241,1.8526755243146356
2463.614836776827,1.8545527719420518
2465.536562950413,1.8564300195694685
2467.4582891239993,1.8583072671968848
2469.380015297585,1.8601845148243012
2471.301741471171,1.8620617624517177
2473.223467644757,1.863939010079134
2475.145193818343,1.8658162577065507
2477.0669199919294,1.867693505333967
2478.988646165515,1.8695707529613834
2480.9103723391013,1.8714480005888
2482.832098512687,1.8733252482162164
2484.753824686273,1.8752024958436329
2486.6755508598594,1.8770797434710491
2488.5972770334456,1.8789569910984658
2490.5190032070313,1.880834238725882
2492.440729380617,1.8827114863532985
2494.3624555542033,1.884588733980715
2496.2841817277895,1.8864659816081315
2498.2059079013757,1.888343229235548
2500.1276340749614,1.8902204768629642
2502.049360248547,1.8920977244903807
2503.9710864221333,1.8939749721177972
2505.8928125957195,1.8958522197452137
2507.8145387693057,1.8977294673726302
2509.7362649428915,1.8996067150000466
2511.6579911164777,1.901483962627463
2513.5797172900634,1.9033612102548794
2515.5014434636496,1.9052384578822958
2517.423169637236,1.9071157055097123
2519.3448958108215,1.9089929531371288
2521.2666219844077,1.9108702007645453
2523.1883481579935,1.9127474483919618
2525.1100743315797,1.9146246960193782
2527.0318005051654,1.9165019436467945
2528.9535266787516,1.918379191274211
2530.875252852338,1.9202564389016274
2532.7969790259235,1.922133686529044
2534.7187051995097,1.9240109341564604
2536.6404313730955,1.9258881817838769
2538.5621575466816,1.9277654294112931
2540.483883720268,1.9296426770387096
2542.4056098938536,1.931519924666126
2544.32733606744,1.9333971722935426
2546.2490622410255,1.935274419920959
2548.1707884146117,1.9371516675483755
2550.092514588198,1.939028915175792
2552.0142407617836,1.9409061628032083
2553.93596693537,1.9427834104306247
2555.8576931089556,1.9446606580580412
2557.7794192825418,1.9465379056854577
2559.701145456128,1.9484151533128742
2561.6228716297137,1.9502924009402904
2563.5445978033,1.9521696485677071
2565.4663239768856,1.9540468961951234
2567.388050150472,1.9559241438225399
2569.309776324058,1.9578013914499564
2571.231502497644,1.9596786390773728
2573.15322867123,1.9615558867047893
2575.0749548448157,1.9634331343322056
2576.996681018402,1.9653103819596223
2578.918407191988,1.9671876295870385
2580.840133365574,1.969064877214455
2582.76185953916,1.9709421248418715
2584.6835857127458,1.9728193724692877
2586.605311886332,1.9746966200967044
2588.527038059918,1.9765738677241207
2590.448764233504,1.9784511153515374
2592.37049040709,1.9803283629789536
2594.2922165806763,1.9822056106063701
