JOB_NUM,Q1,Q2,Q3,EN,SN,FN,F,M,ORIG_MAPE,MAPE1,MAPE2,WMAPE,KAPPA,SIM_TIME
1,0.9,0.9,0.81,0.25,0.1,0.03,0.0013,0.0,21.51735,1.67961,42.58448,43.42429,,0.2
2,0.9,0.9,0.81,0.25,0.1,0.09,0.0015,1100.0,7.01888,1.80356,12.56888,13.47066,,0.1
3,0.9,0.9,2.56,0.4,0.2,0.03,0.0013,0.0,20.26448,1.67056,40.01095,40.84623,,0.2
4,0.9,1.1,0.81,0.4,0.2,0.03,0.0015,1100.0,7.67506,1.67798,14.05515,14.89414,,0.1
5,0.9,1.1,2.56,0.25,0.2,0.09,0.0013,1100.0,7.06896,2.1098,12.34779,13.40269,,0.2
6,0.9,1.1,2.56,0.4,0.1,0.09,0.0015,0.0,18.04714,1.65924,35.44739,36.27701,,0.1
7,1.6,0.9,2.56,0.4,0.1,0.03,0.0015,1100.0,7.74418,1.73977,14.13319,15.00308,,0.1
8,1.6,0.9,2.56,0.25,0.2,0.09,0.0015,0.0,33.8065,2.93819,66.57977,68.04886,,0.1
9,1.6,0.9,0.81,0.4,0.2,0.09,0.0013,1100.0,7.12512,2.01362,12.56552,13.57233,,0.2
10,1.6,1.1,2.56,0.25,0.1,0.03,0.0013,1100.0,7.25355,1.83924,13.01523,13.93485,,0.1
11,1.6,1.1,0.81,0.4,0.1,0.09,0.0013,0.0,11.62227,1.74498,22.10816,22.98065,,0.1
12,1.6,1.1,0.81,0.25,0.2,0.03,0.0015,0.0,12.97187,2.10958,24.51421,25.569,,0.1
13,1.58373,0.97532,2.51412,0.31303,0.16047,0.08512,0.00144,0.44223,31.49234,2.25264,62.53472,63.66104,2.5,141.76448
14,1.54319,0.9671,2.42217,0.31416,0.14079,0.05198,0.00146,1.75188,28.64058,1.94572,56.9864,57.95926,2.5,135.10546
15,1.36948,0.93188,2.49185,0.3298,0.14984,0.06723,0.0014,3.61693,23.82705,1.91707,47.0888,48.04734,2.5,135.06992
16,1.14165,0.93231,0.87735,0.36507,0.1258,0.06792,0.00135,2.77141,19.97333,1.71002,39.35957,40.21458,2.5,136.7258
17,1.47656,1.07239,2.41177,0.35928,0.14897,0.05884,0.00142,6.095,26.22991,1.87391,52.09413,53.03108,2.5,117.58683
18,0.91243,0.99088,0.89378,0.32387,0.19281,0.08208,0.00136,7.15626,24.86872,1.91605,49.24014,50.19817,2.5,112.66507
19,1.48249,1.04938,2.33611,0.36319,0.15787,0.07155,0.00136,8.35206,27.6201,1.9192,54.90391,55.86351,2.5,111.50212
20,1.50893,0.95418,0.87646,0.25851,0.16941,0.06953,0.00132,9.71571,14.4342,2.42442,27.18285,28.39506,2.5,113.2545
21,0.93299,0.95359,2.50285,0.25104,0.19796,0.08786,0.00134,7.24868,21.5897,2.16295,42.21748,43.29895,2.5,139.45626
22,1.57069,1.05289,0.81241,0.25431,0.14596,0.05162,0.00138,5.75128,13.10047,2.22594,24.65174,25.76471,2.5,140.32515
23,0.94494,0.94545,2.44972,0.29704,0.17861,0.08718,0.00145,2.27791,21.04589,2.00199,41.26771,42.26871,2.5,147.95259
24,1.54716,0.92297,2.26693,0.29921,0.11101,0.0763,0.0015,1.05245,20.2449,1.92066,39.69559,40.65592,2.5,143.18871
25,1.47551,0.95529,1.62714,0.37015,0.10485,0.03763,0.00146,7.85972,17.07504,1.7419,33.36543,34.23638,2.5,140.86678
26,0.93577,0.90062,2.4672,0.29008,0.1671,0.03552,0.0014,8.90698,20.31837,1.76741,40.01934,40.90304,2.5,143.00994
27,1.55883,0.97363,2.09593,0.32355,0.19552,0.08207,0.00138,0.21439,18.73292,2.31139,36.17456,37.33026,2.5,140.61918
28,1.23865,1.00369,2.55909,0.28277,0.11895,0.06749,0.00136,442.23216,9.91328,1.87341,18.45246,19.38917,2.5,136.18279
29,1.42594,0.90987,2.5232,0.38264,0.16425,0.04046,0.00146,5.18784,23.84069,1.80837,47.24249,48.14667,2.5,143.18922
30,1.04001,1.07635,2.20489,0.33532,0.13319,0.06353,0.00141,850.04103,6.4364,1.72857,11.44634,12.31063,2.5,150.99009
31,1.49881,1.0242,2.29413,0.35025,0.15524,0.03992,0.00141,0.04064,28.1201,1.85442,56.01114,56.93834,2.5,139.43431
32,1.40311,0.93824,2.35243,0.26083,0.10768,0.06909,0.00145,0.09903,26.59856,1.9882,52.72255,53.71665,2.5,139.33151
33,1.59399,1.05929,2.32249,0.34819,0.15337,0.03851,0.00146,2.46337,18.75654,1.89006,36.67196,37.61699,2.5,143.00994
34,1.01229,0.96826,1.97428,0.32,0.1157,0.05174,0.00144,4.18897,21.76918,1.70318,43.08014,43.93173,2.5,144.39657
35,1.3226,1.02834,2.22232,0.2676,0.13236,0.0331,0.00142,0.03959,24.17736,1.87784,47.85065,48.78957,2.5,127.21854
36,1.58494,1.0814,2.47002,0.27231,0.11028,0.04685,0.00142,0.10372,23.05673,1.94056,45.47532,46.4456,2.5,111.33665
37,1.31946,0.97947,1.1973,0.2774,0.17726,0.06639,0.00134,223.18252,15.05581,2.15775,28.76329,29.84217,2.5,111.5432
38,1.27052,0.99952,2.01919,0.29729,0.12778,0.08441,0.00141,0.12894,26.05569,1.95488,51.64561,52.62305,2.5,107.86338
39,1.22333,1.02402,1.64706,0.33631,0.19712,0.08493,0.0013,659.74211,6.64126,2.04242,11.52736,12.54857,2.5,109.53461
40,1.00659,1.02318,2.4666,0.32983,0.19325,0.03803,0.0013,0.03706,20.42807,1.77802,40.23604,41.12505,2.5,109.2694
41,1.5571,0.9265,2.48639,0.37311,0.14055,0.06169,0.00141,0.07693,28.11447,1.83214,56.01758,56.93365,2.5,109.88273
42,1.02644,1.03761,2.40138,0.37076,0.16188,0.06409,0.00147,0.08729,20.22503,1.76992,39.82125,40.70621,2.5,115.67786
43,1.48186,1.04699,2.256,0.3521,0.11819,0.08432,0.00133,0.00332,29.58221,1.79951,59.07856,59.97832,2.5,110.28229
44,1.31779,0.94661,2.49714,0.37969,0.168,0.05219,0.00135,0.05611,22.84944,1.80751,45.19073,46.09449,2.5,109.54882
45,1.50313,1.00298,2.44588,0.34279,0.16733,0.04448,0.00141,0.04218,26.47949,1.91203,52.55901,53.51503,2.5,108.68536
46,1.4763,1.09536,2.49242,0.3771,0.17751,0.07743,0.00134,0.12585,25.53102,1.97783,50.53736,51.52628,2.5,111.1588
47,1.38019,0.97389,1.91236,0.26136,0.15515,0.06684,0.00149,964.03638,6.35174,2.17766,10.79648,11.88531,2.5,146.66988
48,0.90565,1.07383,2.49101,0.39255,0.19301,0.06604,0.00131,0.03603,19.26043,1.75186,37.85193,38.72786,2.5,114.92909
49,1.07945,0.92772,2.40164,0.3617,0.17405,0.06566,0.00148,0.00991,21.35951,1.82547,42.10354,43.01627,2.5,116.37016
50,1.0549,0.95073,2.18571,0.34498,0.16949,0.05487,0.00142,0.08867,21.58731,1.8019,42.59969,43.50064,2.5,110.1755
51,1.26332,0.97029,2.46572,0.27122,0.16294,0.06592,0.00139,0.01302,23.51658,2.12719,46.22328,47.28687,2.5,116.60522
52,1.5749,0.99974,1.53648,0.27051,0.13367,0.05032,0.00132,0.01932,14.85042,2.05355,28.44202,29.46879,2.5,114.25671
53,0.92818,0.97158,2.39052,0.36985,0.11411,0.06015,0.00148,6.11451,20.4344,1.66213,40.36953,41.20059,2.5,112.45269
54,1.55545,1.02616,1.8892,0.28232,0.13351,0.04127,0.00136,171.21376,14.08383,1.95033,26.9738,27.94897,2.5,113.0043
55,0.94832,1.02902,2.52695,0.37493,0.12216,0.03729,0.00141,1.20817,20.18487,1.65954,39.85919,40.68896,2.5,118.95946
56,1.19452,0.95584,2.54216,0.39652,0.19016,0.06372,0.00137,8.03324,21.16041,1.82346,41.69382,42.60555,2.5,111.61317
57,1.59536,0.95597,2.40771,0.38712,0.15171,0.08897,0.00139,0.19806,19.52294,1.90298,38.22608,39.17757,2.5,112.77156
58,1.00407,1.091,2.31922,0.31802,0.1391,0.03109,0.00137,0.03648,20.47017,1.71262,40.39273,41.24904,2.5,107.40066
59,1.03421,1.03835,2.41204,0.35636,0.19395,0.05647,0.00131,0.04542,20.31098,1.81845,39.94803,40.85725,2.5,109.15626
60,1.26932,0.99806,2.27983,0.25824,0.10421,0.07377,0.00145,0.13847,24.14114,1.94643,47.70711,48.68033,2.5,109.82086
61,1.26274,0.90534,2.07058,0.25445,0.16295,0.0585,0.0014,0.03075,25.61306,2.12531,50.55312,51.61578,2.5,111.72523
62,1.42894,0.98678,2.42823,0.27621,0.12543,0.05926,0.00142,0.1128,25.90204,1.99404,51.28893,52.28595,2.5,115.62325
63,1.57807,0.93557,2.54973,0.32075,0.17713,0.04312,0.00149,6.6504,27.37048,2.00383,54.29997,55.30188,2.5,111.67939
64,1.42386,1.06634,2.43788,0.36013,0.10418,0.08733,0.00133,0.00912,24.70177,1.73799,49.08398,49.95297,2.5,110.62193
65,0.96112,1.01222,0.8623,0.25698,0.1571,0.06494,0.00148,63.44919,25.00202,1.99224,49.43641,50.43253,2.5,112.56512
66,1.34311,1.0352,1.68745,0.35036,0.15321,0.04043,0.00145,63.59982,20.12563,1.8167,39.57048,40.47884,2.5,111.77212
67,1.42827,1.00054,2.30776,0.28152,0.177,0.07227,0.00147,0.1027,28.52317,2.30862,56.352,57.50631,2.5,110.14717
68,0.9735,1.09417,0.97846,0.25399,0.1135,0.03267,0.00145,62.59426,22.63528,1.75635,44.80756,45.68574,2.5,109.7772
69,1.33482,1.05707,2.21045,0.35692,0.15328,0.05845,0.00137,0.0314,24.73492,1.84082,49.04626,49.96667,2.5,114.97378
70,1.06618,1.03691,0.82268,0.3107,0.15594,0.04411,0.00137,64.56388,19.38498,1.80319,38.0455,38.94709,2.5,113.60951
71,1.32089,1.09296,1.80504,0.39346,0.18133,0.04151,0.00148,0.01521,28.18407,1.82229,56.17897,57.09012,2.5,110.36694
72,1.49095,1.06736,1.7099,0.34723,0.19513,0.06398,0.0014,6.60657,16.59345,2.07356,32.0063,33.04309,2.5,111.01215
73,1.52901,0.93301,0.89554,0.25687,0.13252,0.03398,0.00139,61.41687,14.16872,1.96289,27.13495,28.11639,2.5,127.59883
74,1.56173,1.08645,2.46527,0.38649,0.19282,0.05879,0.00141,9.00862,28.53917,1.97595,56.73773,57.72571,2.5,110.12521
75,1.46788,1.00995,1.94734,0.36915,0.19661,0.04583,0.00149,8.76622,19.47118,1.93483,38.08602,39.05344,2.5,112.47686
76,1.58241,1.04656,2.52795,0.28929,0.16816,0.04408,0.00146,10.16721,28.71841,2.08926,56.99999,58.04462,2.5,113.09037
77,1.36453,1.06817,2.51436,0.31143,0.12342,0.05869,0.00139,9.61017,22.68078,1.8493,44.80109,45.72575,2.5,111.22273
78,1.23657,0.98597,2.15434,0.36753,0.14518,0.04962,0.00141,0.05109,23.33313,1.7609,46.23615,47.1166,2.5,107.31015
79,1.48337,0.99152,2.24646,0.32901,0.16861,0.0803,0.00135,10.74757,30.41067,2.10885,60.45592,61.51034,2.5,113.70527
80,1.46737,0.95468,2.53919,0.39006,0.17425,0.03539,0.00145,11.3743,24.10342,1.81836,47.76269,48.67187,2.5,109.15307
81,1.04227,1.08221,1.9146,0.31251,0.1207,0.06272,0.00138,10.63017,21.62131,1.75183,42.72678,43.6027,2.5,107.27222
82,1.4288,0.96206,2.41948,0.38541,0.179,0.05663,0.00142,15.29169,24.52778,1.87721,48.58148,49.52009,2.5,109.7432
83,1.0575,0.91068,2.51147,0.29469,0.13703,0.08725,0.00149,0.00361,21.58767,1.93067,42.46419,43.42952,2.5,117.17732
84,1.24527,1.06598,2.47824,0.38115,0.12708,0.0538,0.00145,10.48204,21.12721,1.73045,41.7262,42.59143,2.5,112.46592
85,1.12594,1.02414,2.44292,0.39582,0.11526,0.07187,0.00133,0.00784,20.59492,1.67524,40.68631,41.52393,2.5,109.24235
86,1.58331,1.00284,1.79189,0.3507,0.13487,0.0837,0.00145,11.01538,14.46928,1.9202,27.79526,28.75536,2.5,111.24585
87,1.53597,0.93195,2.46705,0.29997,0.16605,0.07763,0.00141,0.05049,30.09976,2.25749,59.65194,60.78068,2.5,113.71302
88,1.19739,1.04647,1.40158,0.33364,0.13626,0.06042,0.00137,15.38087,24.80812,1.79849,49.21633,50.11557,2.5,111.34461
89,1.03471,1.02894,2.02525,0.3674,0.16722,0.0734,0.0015,16.18333,20.94765,1.81136,41.27006,42.17574,2.5,107.90047
90,1.38424,1.07816,1.87491,0.26317,0.15233,0.06323,0.00142,14.49783,25.17779,2.21698,49.55701,50.6655,2.5,112.37031
91,1.3188,0.97219,0.89236,0.26741,0.13008,0.05607,0.00143,14.63883,16.44878,1.99054,31.80384,32.79911,2.5,119.92804
92,1.3108,1.02778,2.55254,0.26697,0.19985,0.0541,0.00138,13.82774,22.49394,2.13336,44.11274,45.17942,2.5,108.44517
93,1.17627,1.07308,2.47917,0.38346,0.12859,0.03126,0.00149,14.69374,20.64216,1.70699,40.74432,41.59782,2.5,108.15481
94,1.53843,1.09399,1.04355,0.26068,0.1635,0.04058,0.0015,16.42873,13.75143,2.13665,26.07393,27.14225,2.5,113.66873
95,1.1829,1.03012,2.5191,0.28531,0.13183,0.0813,0.00145,12.599,20.62536,1.99115,40.41473,41.4103,2.5,108.26049
96,1.59012,0.93535,2.48344,0.33552,0.18177,0.08465,0.00138,10.49341,22.78745,2.22076,44.60195,45.71233,2.5,113.5544
97,1.31225,0.90142,1.92088,0.33367,0.15611,0.07719,0.00148,0.07762,27.24799,1.9527,54.10828,55.08463,2.5,111.71577
98,1.53982,0.90116,2.41401,0.34002,0.10674,0.06834,0.00132,0.14427,28.95288,1.76542,57.82112,58.70383,2.5,119.14761
99,1.11077,0.9763,2.03178,0.36932,0.14158,0.07128,0.0013,0.05135,22.53739,1.73428,44.62649,45.49362,2.5,107.38854
100,1.3897,0.98642,2.16187,0.31096,0.15227,0.06528,0.00147,0.09487,27.29754,2.0059,54.14594,55.14889,2.5,107.68395
101,1.18396,0.98731,1.44743,0.27134,0.10151,0.08523,0.0014,314.61843,22.34526,1.84828,44.11165,45.03579,2.5,110.45882
102,1.18589,1.04068,1.03358,0.39436,0.19001,0.05248,0.00139,310.33938,12.9472,1.80031,24.78691,25.68706,2.5,111.17279
103,1.50525,0.94472,1.70291,0.28451,0.1634,0.04235,0.00148,13.60053,16.74988,2.03253,32.37769,33.39396,2.5,113.52707
104,0.9226,1.09146,1.9453,0.3121,0.10472,0.03646,0.00132,15.21367,20.40845,1.65557,40.3277,41.15548,2.5,110.12111
105,1.24525,1.02257,2.53441,0.29617,0.19533,0.0719,0.00133,0.5173,22.26736,2.13799,43.6364,44.7054,2.5,115.1903
106,1.4984,1.01215,2.54721,0.29036,0.19435,0.06827,0.00145,8.64017,27.2507,2.31516,53.72218,54.87976,2.5,111.21727
107,1.52704,1.09269,2.01441,0.26407,0.14639,0.07392,0.00136,10.20848,19.63029,2.4092,37.91277,39.11737,2.5,112.51011
108,1.55961,0.92776,2.47295,0.28715,0.13161,0.04209,0.00138,4.4591,28.00926,1.92774,55.70331,56.66718,2.5,111.56055
109,1.30257,0.97567,1.88643,0.28793,0.10607,0.04239,0.00135,319.73124,16.19083,1.7603,31.51511,32.39527,2.5,119.40669
110,1.16841,0.96665,1.40713,0.34674,0.18562,0.08481,0.00134,725.38825,1.82658,1.94971,1.70119,2.67604,2.5,143.66057
111,1.36556,1.0682,2.54332,0.37111,0.13024,0.08798,0.00133,0.16725,22.32621,1.78896,44.12638,45.02086,2.5,104.11562
112,1.50487,1.07433,2.24133,0.311,0.12075,0.06882,0.00142,0.10166,24.01944,1.91271,47.50448,48.46083,2.5,111.55789
113,1.39666,1.03021,1.91742,0.39969,0.11783,0.04164,0.00139,0.14211,22.95086,1.72485,45.48624,46.34867,2.5,109.76361
114,1.30768,1.00213,2.36118,0.30657,0.13822,0.07836,0.0013,0.01338,23.76106,1.95437,46.91567,47.89286,2.5,102.00884
115,1.37245,1.08054,2.11044,0.30798,0.18751,0.08497,0.00145,0.03458,29.26461,2.29668,57.89227,59.04061,2.5,100.15473
116,1.41957,1.02244,2.48008,0.35391,0.14976,0.06286,0.00146,0.08176,24.41199,1.88176,48.33163,49.27251,2.5,99.99974
117,1.04154,0.97888,1.47762,0.35321,0.14067,0.03584,0.00136,0.01346,22.78523,1.69342,45.17945,46.02616,2.5,103.47785
118,1.12963,0.92395,2.10173,0.34553,0.18267,0.05989,0.00142,535.02939,4.22221,1.85253,6.74323,7.6695,2.5,103.50144
119,1.23014,0.97302,2.51741,0.3549,0.19056,0.05787,0.0015,0.04598,21.75566,1.90737,42.82895,43.78263,2.5,105.29488
120,1.34655,0.91174,2.54003,0.32594,0.16666,0.0592,0.00133,0.02695,23.39349,1.93396,46.18035,47.14734,2.5,125.74375
121,1.30318,1.06405,2.25475,0.30249,0.17622,0.07277,0.00132,0.01259,24.7697,2.11708,48.8239,49.88244,2.5,101.74311
122,1.30745,0.95699,2.51744,0.34149,0.10961,0.044,0.00144,0.04614,22.77028,1.72794,45.11465,45.97862,2.5,99.60349
123,1.57849,1.04484,0.99631,0.30084,0.17308,0.03666,0.00134,315.98739,9.75476,1.98145,18.01256,19.00328,2.5,103.05014
124,1.42198,1.08271,1.90039,0.29822,0.17198,0.06418,0.00139,0.00578,22.76123,2.14501,44.65615,45.72866,2.5,101.87686
125,1.41657,0.94156,1.8888,0.34294,0.17781,0.07958,0.00149,0.04958,21.8852,2.07122,42.91879,43.9544,2.5,103.48072
126,1.0727,1.04163,2.14233,0.32592,0.1731,0.0553,0.00133,0.00184,21.40099,1.84697,42.16906,43.09255,2.5,108.90846
127,1.07059,1.05564,1.87121,0.28663,0.10208,0.05192,0.00144,313.41904,13.00851,1.72624,24.98436,25.84748,2.5,102.74566
128,0.95979,1.0838,2.50056,0.37566,0.17234,0.05316,0.00144,0.07417,19.51705,1.74397,38.3879,39.25989,2.5,99.87725
129,0.94988,0.99543,2.47354,0.3585,0.12337,0.06984,0.0013,0.00076,20.22854,1.66972,39.93488,40.76974,2.5,100.00855
130,1.43172,1.03992,1.29878,0.38467,0.14808,0.07811,0.00133,777.01272,4.13264,1.80798,6.60818,7.51217,2.5,108.54626
131,1.55741,1.03534,1.22036,0.28393,0.11707,0.08758,0.00146,271.77609,10.75307,2.08671,19.95334,20.9967,2.5,105.0823
132,1.36371,0.96926,2.27593,0.32971,0.19606,0.0846,0.00141,0.07514,26.43601,2.17866,52.18842,53.27775,2.5,101.58896
133,0.91905,1.07671,2.46994,0.27899,0.17081,0.0361,0.00132,0.08641,19.87837,1.78645,39.09478,39.988,2.5,101.65567
134,1.40153,0.94693,2.27575,0.28053,0.1285,0.06768,0.00132,0.0325,27.00556,2.002,53.55864,54.55964,2.5,98.91578
135,1.33901,0.91461,2.12995,0.25833,0.18012,0.06919,0.00134,149.93927,23.65722,2.27176,46.36458,47.50046,2.5,99.99183
136,1.32681,1.03121,2.0904,0.38965,0.11005,0.03272,0.00138,151.14915,20.02554,1.7007,39.48877,40.33912,2.5,99.18079
137,1.24424,1.03584,2.16111,0.34988,0.14867,0.03344,0.00139,148.77468,18.44978,1.75385,36.18697,37.0639,2.5,99.75268
138,0.91744,1.04982,0.95341,0.2856,0.19695,0.03872,0.00135,150.13904,17.34003,1.80712,33.8369,34.74046,2.5,102.85455
139,1.07389,1.04175,2.36807,0.37928,0.11696,0.06458,0.00134,0.0342,20.53669,1.67306,40.56648,41.40301,2.5,98.93824
140,1.28687,1.00447,1.03978,0.3597,0.13835,0.06105,0.00142,409.30089,10.52041,1.77803,19.81164,20.70065,2.5,104.68266
141,1.54536,1.09065,2.36693,0.35602,0.1205,0.06822,0.0013,0.0495,23.80498,1.80041,47.16017,48.06038,2.5,110.66495
142,1.1088,0.90892,2.31759,0.31854,0.1395,0.03041,0.00141,0.08477,21.46294,1.73058,42.41533,43.28063,2.5,101.55689
143,1.15237,0.99944,2.27624,0.3937,0.14988,0.04149,0.0014,111.46845,18.29005,1.71014,35.89471,36.74978,2.5,101.88363
144,1.36277,0.96379,2.45932,0.26046,0.12882,0.04038,0.00131,684.69143,2.25989,1.89796,2.64928,3.59826,2.5,102.88508
145,1.51458,0.94731,2.13805,0.39531,0.1073,0.07651,0.00134,0.08889,19.72024,1.73113,38.81472,39.68029,2.5,102.10591
146,1.07458,0.95375,1.83186,0.32855,0.16225,0.03663,0.00138,0.02055,22.17819,1.76135,43.86187,44.74254,2.5,100.20067
147,1.49682,0.98211,1.14598,0.3155,0.13804,0.04513,0.00138,292.43067,11.00451,1.87381,20.70024,21.63714,2.5,102.58858
148,1.40744,1.03279,1.87907,0.33115,0.11866,0.06461,0.0014,1077.8309,7.30151,1.77849,13.17812,14.06736,2.5,120.42125
149,1.48875,0.99744,2.44878,0.31807,0.16604,0.08805,0.00143,0.07492,28.39923,2.22089,56.18768,57.29813,2.5,104.21135
150,1.16095,1.06714,2.38251,0.39279,0.19444,0.07792,0.00142,0.04633,20.67808,1.88325,40.64116,41.58279,2.5,98.4825
151,1.23853,1.01616,1.46536,0.38014,0.16847,0.0447,0.00143,561.91445,3.64274,1.77353,5.63194,6.51871,2.5,104.3655
152,1.16534,1.04091,1.85332,0.3712,0.18626,0.03322,0.00145,0.04348,23.19038,1.77658,45.93431,46.82259,2.5,103.01695
153,1.05374,0.97972,2.03903,0.27675,0.10547,0.06649,0.00133,0.04308,22.28384,1.77176,44.06459,44.95046,2.5,102.04918
154,1.14006,0.90683,2.54226,0.32554,0.13256,0.06048,0.00142,0.14772,21.70083,1.77964,42.85351,43.74333,2.5,100.00139
155,1.35389,0.91244,1.89472,0.31316,0.16884,0.05495,0.0013,0.05707,27.89086,1.95257,55.4348,56.41109,2.5,111.14668
156,0.91912,1.05657,2.54811,0.31737,0.11445,0.03386,0.00136,0.0975,20.05045,1.66221,39.57588,40.40699,2.5,99.15874
157,1.12437,1.03127,2.48505,0.26574,0.18253,0.05922,0.00132,0.16371,21.22533,2.04834,41.59211,42.61628,2.5,100.08632
158,1.39239,0.97757,2.303,0.3492,0.18724,0.03348,0.00137,0.02046,24.45824,1.84748,48.46698,49.39073,2.5,100.75233
159,1.347,1.05175,2.38433,0.26414,0.18632,0.05409,0.0013,0.07693,24.65622,2.14822,48.55502,49.62913,2.5,104.29707
160,1.18221,0.95639,2.3743,0.28209,0.10841,0.03646,0.00131,0.07271,22.12755,1.73651,43.78785,44.65611,2.5,103.07506
161,1.03472,0.95035,2.55953,0.27786,0.18855,0.07061,0.00146,505.26257,5.61886,2.02705,9.4392,10.45273,2.5,104.18684
162,1.32795,1.09294,2.50941,0.36753,0.14586,0.03668,0.0013,0.10911,22.3845,1.7542,44.29173,45.16883,2.5,108.26652
163,1.16958,0.94891,2.52697,0.3102,0.10084,0.05977,0.00145,0.05336,21.70224,1.72396,42.91827,43.78025,2.5,111.49836
164,1.58235,0.93916,1.48949,0.2958,0.149,0.0768,0.00148,0.01489,14.36658,2.22469,27.25083,28.36317,2.5,103.94899
165,1.21786,0.99892,2.02001,0.37493,0.15306,0.07131,0.00143,809.73217,5.97481,1.77879,10.4407,11.33009,2.5,112.46982
166,1.42128,1.00727,2.45139,0.31962,0.10941,0.08729,0.00131,0.1398,24.98091,1.81022,49.58438,50.4895,2.5,101.17806
167,1.25021,1.00005,2.20857,0.28315,0.15888,0.05102,0.00141,0.04834,23.56546,1.97353,46.49738,47.48415,2.5,101.1533
168,1.37041,0.9782,2.12338,0.25438,0.18145,0.08971,0.00134,0.01922,30.70644,2.63325,60.51239,61.82901,2.5,103.24664
169,1.21812,0.91613,1.38261,0.29744,0.10733,0.08733,0.00148,620.33776,8.6706,1.80486,15.96636,16.8688,2.5,110.61735
170,1.05841,0.92465,2.00655,0.37239,0.16453,0.06749,0.0014,357.99242,10.45359,1.76377,19.68324,20.56513,2.5,101.54836
171,1.14508,0.95639,2.42878,0.3348,0.17764,0.07696,0.00147,0.06038,21.59875,1.95565,42.44983,43.42765,2.5,100.9545
172,1.36308,1.08067,1.16901,0.39696,0.17366,0.08743,0.00132,584.4923,7.76381,1.88065,14.01703,14.95736,2.5,104.90878
173,1.42501,0.97273,2.41602,0.35595,0.12215,0.07173,0.00148,0.05942,25.3357,1.79831,50.33019,51.22935,2.5,100.90391
174,1.30473,0.92652,1.74143,0.29311,0.12093,0.06523,0.0014,934.11253,6.48438,1.84571,11.42191,12.34476,2.5,114.16771
175,1.33637,1.0021,2.47694,0.31023,0.12984,0.08765,0.00134,0.05396,23.27113,1.94121,45.91837,46.88898,2.5,100.773
176,1.01576,1.0957,1.82341,0.38223,0.13964,0.0362,0.00142,988.07092,7.26996,1.66316,13.23524,14.06683,2.5,121.9075
177,1.02731,0.95948,2.08743,0.26514,0.13931,0.06026,0.00145,0.04901,22.02671,1.92134,43.37677,44.33744,2.5,103.93364
178,1.23665,0.93137,1.21965,0.33963,0.11695,0.08027,0.0013,1047.04916,7.23726,1.7162,13.11243,13.97053,2.5,134.75939
179,1.02403,1.09118,2.3192,0.322,0.19768,0.03193,0.00145,0.08166,20.46714,1.79153,40.30061,41.19637,2.5,101.96497
180,1.53066,1.09442,2.36706,0.38579,0.13051,0.0543,0.00144,0.11533,29.01717,1.79825,57.91834,58.81747,2.5,102.22282
181,1.59002,0.99179,2.41355,0.34312,0.17424,0.07429,0.00136,0.08124,20.83494,2.09615,40.73578,41.78386,2.5,104.11801
182,0.95231,1.03046,2.48151,0.35277,0.13333,0.08311,0.0014,0.06458,19.54471,1.72395,38.46858,39.33055,2.5,108.10209
183,1.31032,1.04153,2.07627,0.31978,0.16754,0.08635,0.00141,0.06392,26.83577,2.10699,53.08893,54.14242,2.5,104.74113
184,1.47909,0.95443,2.47654,0.38625,0.16069,0.08187,0.00137,0.01936,26.00983,1.88808,51.62339,52.56743,2.5,103.21367
185,1.13496,0.98646,2.55149,0.33844,0.17536,0.0495,0.00133,0.01976,20.98703,1.82575,41.33866,42.25154,2.5,101.35021
186,0.91561,1.07195,2.33496,0.38209,0.13042,0.08813,0.00135,0.03879,19.1972,1.67292,37.81041,38.64687,2.5,111.26619
187,1.00564,0.96749,2.53349,0.28878,0.17847,0.06601,0.00148,0.03065,20.74534,1.96418,40.69284,41.67492,2.5,109.7367
188,1.42183,0.90786,2.36229,0.28976,0.10058,0.083,0.00133,0.06439,26.53764,1.83481,52.77353,53.69094,2.5,117.68796
189,1.59466,0.95622,2.07863,0.25699,0.19993,0.04143,0.00132,0.02089,17.59047,2.16129,33.97662,35.05726,2.5,114.73773
190,1.12237,1.00059,2.45975,0.36664,0.13803,0.05193,0.00134,0.03725,21.08467,1.71461,41.65492,42.51223,2.5,108.49775
191,1.20544,0.92486,2.35159,0.39587,0.14616,0.08199,0.00136,0.05361,22.37677,1.74775,44.28533,45.15921,2.5,108.40094
192,1.09448,0.9205,1.51317,0.37458,0.12791,0.03121,0.00144,899.96904,6.95857,1.66128,12.59483,13.42547,2.5,123.19425
193,1.22577,1.06606,2.51414,0.26099,0.13569,0.08613,0.00137,0.08175,22.07112,2.22634,43.1436,44.25677,2.5,109.21006
194,1.38903,1.09086,2.10282,0.33871,0.14728,0.0889,0.0014,0.09329,28.51277,1.97711,56.68756,57.67611,2.5,113.78217
195,1.18343,1.03227,2.34491,0.31943,0.15032,0.08914,0.00148,0.01519,21.68578,1.9807,42.60645,43.5968,2.5,119.60131
196,1.35402,0.92003,2.52524,0.30966,0.1522,0.04463,0.0014,0.03689,23.33259,1.88534,46.10425,47.04692,2.5,107.51544
197,1.27988,0.99784,2.3727,0.35697,0.17049,0.03918,0.00146,0.01495,22.71961,1.81666,44.91371,45.82204,2.5,110.08057
198,1.09292,1.02533,2.43416,0.28157,0.15376,0.06789,0.00142,0.02851,20.9897,1.98582,41.16636,42.15927,2.5,115.49319
199,1.26352,1.07229,0.97098,0.2712,0.13264,0.07771,0.0014,1016.63019,6.54226,2.03968,11.3348,12.35464,2.5,124.69615
200,1.04808,1.04289,2.21739,0.26928,0.18729,0.05019,0.00147,0.03611,21.12515,1.96097,41.472,42.45249,2.5,110.10097
